"filename", "language", "XML", "C#", "JavaScript", "PostCSS", "JSON", "Properties", "JavaScript JSX", "log", "ASP.NET Razor", "Dotenv", "Markdown", "comment", "blank", "total"
"d:\SocialNetworkApp\SocialNetworkApp\src\Application\Abstractions\Repositories\IBirthdayRepository.cs", "C#", 0, 7, 0, 0, 0, 0, 0, 0, 0, 0, 0, 0, 3, 10
"d:\SocialNetworkApp\SocialNetworkApp\src\Application\Abstractions\Repositories\IConversationRepository.cs", "C#", 0, 8, 0, 0, 0, 0, 0, 0, 0, 0, 0, 15, 4, 27
"d:\SocialNetworkApp\SocialNetworkApp\src\Application\Abstractions\Repositories\IFriendRequestRepository.cs", "C#", 0, 1, 0, 0, 0, 0, 0, 0, 0, 0, 0, 0, 1, 2
"d:\SocialNetworkApp\SocialNetworkApp\src\Application\Abstractions\Repositories\IGroupListingRepository.cs", "C#", 0, -14, 0, 0, 0, 0, 0, 0, 0, 0, 0, -5, -3, -22
"d:\SocialNetworkApp\SocialNetworkApp\src\Application\Abstractions\Repositories\IGroupRepository.cs", "C#", 0, 1, 0, 0, 0, 0, 0, 0, 0, 0, 0, 0, 1, 2
"d:\SocialNetworkApp\SocialNetworkApp\src\Application\Abstractions\Repositories\IMessageRepository.cs", "C#", 0, 3, 0, 0, 0, 0, 0, 0, 0, 0, 0, 0, 0, 3
"d:\SocialNetworkApp\SocialNetworkApp\src\Application\Abstractions\Repositories\INotificationRepository.cs", "C#", 0, 11, 0, 0, 0, 0, 0, 0, 0, 0, 0, 0, 3, 14
"d:\SocialNetworkApp\SocialNetworkApp\src\Application\Abstractions\Repositories\IPostRepository.cs", "C#", 0, 5, 0, 0, 0, 0, 0, 0, 0, 0, 0, 0, 0, 5
"d:\SocialNetworkApp\SocialNetworkApp\src\Application\Abstractions\Repositories\IReelRepository.cs", "C#", 0, 4, 0, 0, 0, 0, 0, 0, 0, 0, 0, 0, 0, 4
"d:\SocialNetworkApp\SocialNetworkApp\src\Application\Abstractions\Repositories\IUserRepository.cs", "C#", 0, 10, 0, 0, 0, 0, 0, 0, 0, 0, 0, 0, 0, 10
"d:\SocialNetworkApp\SocialNetworkApp\src\Application\Abstractions\Repositories\MessagesAroundResult.cs", "C#", 0, 7, 0, 0, 0, 0, 0, 0, 0, 0, 0, 0, 3, 10
"d:\SocialNetworkApp\SocialNetworkApp\src\Application\Abstractions\Security\IBlindIndexService.cs", "C#", 0, -7, 0, 0, 0, 0, 0, 0, 0, 0, 0, 0, -2, -9
"d:\SocialNetworkApp\SocialNetworkApp\src\Application\Abstractions\SignalR\ICallHubNotifier.cs", "C#", 0, 9, 0, 0, 0, 0, 0, 0, 0, 0, 0, 0, 2, 11
"d:\SocialNetworkApp\SocialNetworkApp\src\Application\Abstractions\SignalR\IChatHubNotifier.cs", "C#", 0, 12, 0, 0, 0, 0, 0, 0, 0, 0, 0, 0, 3, 15
"d:\SocialNetworkApp\SocialNetworkApp\src\Application\Abstractions\SignalR\INotificationHubNotifier.cs", "C#", 0, 6, 0, 0, 0, 0, 0, 0, 0, 0, 0, 7, 2, 15
"d:\SocialNetworkApp\SocialNetworkApp\src\Application\Abstractions\SignalR\IPresenceTracker.cs", "C#", 0, 14, 0, 0, 0, 0, 0, 0, 0, 0, 0, 0, 2, 16
"d:\SocialNetworkApp\SocialNetworkApp\src\Application\Application.csproj", "XML", 6, 0, 0, 0, 0, 0, 0, 0, 0, 0, 0, 0, 1, 7
"d:\SocialNetworkApp\SocialNetworkApp\src\Application\Auth\Commands\AdminLogin\AdminLoginCommand.cs", "C#", 0, 11, 0, 0, 0, 0, 0, 0, 0, 0, 0, 5, 3, 19
"d:\SocialNetworkApp\SocialNetworkApp\src\Application\Auth\Commands\AdminLogin\AdminLoginCommandHandler.cs", "C#", 0, 46, 0, 0, 0, 0, 0, 0, 0, 0, 0, 0, 9, 55
"d:\SocialNetworkApp\SocialNetworkApp\src\Application\Conversations\Commands\AddMemberToConversation\AddMemberToConversationCommand.cs", "C#", 0, 7, 0, 0, 0, 0, 0, 0, 0, 0, 0, 0, 3, 10
"d:\SocialNetworkApp\SocialNetworkApp\src\Application\Conversations\Commands\AddMemberToConversation\AddMemberToConversationCommandHandler.cs", "C#", 0, 102, 0, 0, 0, 0, 0, 0, 0, 0, 0, 3, 21, 126
"d:\SocialNetworkApp\SocialNetworkApp\src\Application\Conversations\Commands\AssignAdminRole\AssignAdminRoleCommand.cs", "C#", 0, 7, 0, 0, 0, 0, 0, 0, 0, 0, 0, 0, 3, 10
"d:\SocialNetworkApp\SocialNetworkApp\src\Application\Conversations\Commands\AssignAdminRole\AssignAdminRoleCommandHandler.cs", "C#", 0, 30, 0, 0, 0, 0, 0, 0, 0, 0, 0, 0, 7, 37
"d:\SocialNetworkApp\SocialNetworkApp\src\Application\Conversations\Commands\BlockUser\BlockUserCommand.cs", "C#", 0, 6, 0, 0, 0, 0, 0, 0, 0, 0, 0, 0, 3, 9
"d:\SocialNetworkApp\SocialNetworkApp\src\Application\Conversations\Commands\BlockUser\BlockUserCommandHandler.cs", "C#", 0, 45, 0, 0, 0, 0, 0, 0, 0, 0, 0, 0, 10, 55
"d:\SocialNetworkApp\SocialNetworkApp\src\Application\Conversations\Commands\CreateConversation\CreateConversationCommandHandler.cs", "C#", 0, 8, 0, 0, 0, 0, 0, 0, 0, 0, 0, -8, 4, 4
"d:\SocialNetworkApp\SocialNetworkApp\src\Application\Conversations\Commands\KickMemberOut\KickMemberOutCommand.cs", "C#", 0, 7, 0, 0, 0, 0, 0, 0, 0, 0, 0, 0, 3, 10
"d:\SocialNetworkApp\SocialNetworkApp\src\Application\Conversations\Commands\KickMemberOut\KickMemberOutCommandHandler.cs", "C#", 0, 66, 0, 0, 0, 0, 0, 0, 0, 0, 0, 0, 12, 78
"d:\SocialNetworkApp\SocialNetworkApp\src\Application\Conversations\Commands\LeaveConversation\LeaveConversationCommand.cs", "C#", 0, 6, 0, 0, 0, 0, 0, 0, 0, 0, 0, 0, 3, 9
"d:\SocialNetworkApp\SocialNetworkApp\src\Application\Conversations\Commands\LeaveConversation\LeaveConversationCommandHandler.cs", "C#", 0, 66, 0, 0, 0, 0, 0, 0, 0, 0, 0, 0, 12, 78
"d:\SocialNetworkApp\SocialNetworkApp\src\Application\Conversations\Commands\RevokeAdminRole\RevokeAdminRoleCommand.cs", "C#", 0, 7, 0, 0, 0, 0, 0, 0, 0, 0, 0, 0, 3, 10
"d:\SocialNetworkApp\SocialNetworkApp\src\Application\Conversations\Commands\RevokeAdminRole\RevokeAdminRoleCommandHandler.cs", "C#", 0, 30, 0, 0, 0, 0, 0, 0, 0, 0, 0, 0, 7, 37
"d:\SocialNetworkApp\SocialNetworkApp\src\Application\Conversations\Commands\UnblockUser\UnblockUserCommand.cs", "C#", 0, 6, 0, 0, 0, 0, 0, 0, 0, 0, 0, 0, 3, 9
"d:\SocialNetworkApp\SocialNetworkApp\src\Application\Conversations\Commands\UnblockUser\UnblockUserCommandHandler.cs", "C#", 0, 40, 0, 0, 0, 0, 0, 0, 0, 0, 0, 0, 9, 49
"d:\SocialNetworkApp\SocialNetworkApp\src\Application\Conversations\Commands\UpdateConversation\UpdateConversationCommand.cs", "C#", 0, 10, 0, 0, 0, 0, 0, 0, 0, 0, 0, 0, 3, 13
"d:\SocialNetworkApp\SocialNetworkApp\src\Application\Conversations\Commands\UpdateConversation\UpdateConversationCommandHandler.cs", "C#", 0, 116, 0, 0, 0, 0, 0, 0, 0, 0, 0, 0, 24, 140
"d:\SocialNetworkApp\SocialNetworkApp\src\Application\Conversations\Commands\UploadConversationImage\UploadConversationImageCommand.cs", "C#", 0, 8, 0, 0, 0, 0, 0, 0, 0, 0, 0, 0, 3, 11
"d:\SocialNetworkApp\SocialNetworkApp\src\Application\Conversations\Commands\UploadConversationImage\UploadConversationImageCommandHandler.cs", "C#", 0, 95, 0, 0, 0, 0, 0, 0, 0, 0, 0, 0, 17, 112
"d:\SocialNetworkApp\SocialNetworkApp\src\Application\Conversations\Queries\GetConversationMembers\GetConversationMembersQuery.cs", "C#", 0, 9, 0, 0, 0, 0, 0, 0, 0, 0, 0, 0, 3, 12
"d:\SocialNetworkApp\SocialNetworkApp\src\Application\Conversations\Queries\GetConversationMembers\GetConversationMembersQueryHandler.cs", "C#", 0, 36, 0, 0, 0, 0, 0, 0, 0, 0, 0, 0, 9, 45
"d:\SocialNetworkApp\SocialNetworkApp\src\Application\Conversations\Queries\GetConversations\GetConversationsQuery.cs", "C#", 0, 2, 0, 0, 0, 0, 0, 0, 0, 0, 0, 0, 0, 2
"d:\SocialNetworkApp\SocialNetworkApp\src\Application\Conversations\Queries\GetConversations\GetConversationsQueryHandler.cs", "C#", 0, 2, 0, 0, 0, 0, 0, 0, 0, 0, 0, 0, 1, 3
"d:\SocialNetworkApp\SocialNetworkApp\src\Application\Conversations\Queries\SearchConversationsAndFriends\SearchConversationsAndFriendsQueryHandler.cs", "C#", 0, 0, 0, 0, 0, 0, 0, 0, 0, 0, 0, 1, 0, 1
"d:\SocialNetworkApp\SocialNetworkApp\src\Application\DTOs\Conversations\ConversationDetailDto.cs", "C#", 0, 47, 0, 0, 0, 0, 0, 0, 0, 0, 0, 0, 2, 49
"d:\SocialNetworkApp\SocialNetworkApp\src\Application\DTOs\Conversations\ConversationResponse.cs", "C#", 0, -52, 0, 0, 0, 0, 0, 0, 0, 0, 0, -2, -4, -58
"d:\SocialNetworkApp\SocialNetworkApp\src\Application\DTOs\Messages\AttachmentDto.cs", "C#", 0, 4, 0, 0, 0, 0, 0, 0, 0, 0, 0, 0, 0, 4
"d:\SocialNetworkApp\SocialNetworkApp\src\Application\DTOs\Messages\MemberMessageDto.cs", "C#", 0, -21, 0, 0, 0, 0, 0, 0, 0, 0, 0, 0, -1, -22
"d:\SocialNetworkApp\SocialNetworkApp\src\Application\DTOs\Messages\MessageDto.cs", "C#", 0, 44, 0, 0, 0, 0, 0, 0, 0, 0, 0, 0, -4, 40
"d:\SocialNetworkApp\SocialNetworkApp\src\Application\DTOs\Messages\MessageReactionDto.cs", "C#", 0, 23, 0, 0, 0, 0, 0, 0, 0, 0, 0, 0, 3, 26
"d:\SocialNetworkApp\SocialNetworkApp\src\Application\DTOs\Messages\MessagesAroundDto.cs", "C#", 0, 6, 0, 0, 0, 0, 0, 0, 0, 0, 0, 0, 2, 8
"d:\SocialNetworkApp\SocialNetworkApp\src\Application\DTOs\Notifications\NotificationDto.cs", "C#", 0, 24, 0, 0, 0, 0, 0, 0, 0, 0, 0, 0, 2, 26
"d:\SocialNetworkApp\SocialNetworkApp\src\Application\DTOs\Posts\PostDto.cs", "C#", 0, 1, 0, 0, 0, 0, 0, 0, 0, 0, 0, 0, 0, 1
"d:\SocialNetworkApp\SocialNetworkApp\src\Application\DTOs\Posts\SavedPostDto.cs", "C#", 0, 8, 0, 0, 0, 0, 0, 0, 0, 0, 0, 0, 1, 9
"d:\SocialNetworkApp\SocialNetworkApp\src\Application\DTOs\Posts\TagDto.cs", "C#", 0, 7, 0, 0, 0, 0, 0, 0, 0, 0, 0, 0, 1, 8
"d:\SocialNetworkApp\SocialNetworkApp\src\Application\DTOs\Search\SearchGroupDto.cs", "C#", 0, 11, 0, 0, 0, 0, 0, 0, 0, 0, 0, 0, 2, 13
"d:\SocialNetworkApp\SocialNetworkApp\src\Application\DTOs\Search\SearchPostDto.cs", "C#", 0, 17, 0, 0, 0, 0, 0, 0, 0, 0, 0, 0, 2, 19
"d:\SocialNetworkApp\SocialNetworkApp\src\Application\DTOs\Search\SearchReelDto.cs", "C#", 0, 17, 0, 0, 0, 0, 0, 0, 0, 0, 0, 0, 2, 19
"d:\SocialNetworkApp\SocialNetworkApp\src\Application\DTOs\Search\SearchUserDto.cs", "C#", 0, 10, 0, 0, 0, 0, 0, 0, 0, 0, 0, 0, 1, 11
"d:\SocialNetworkApp\SocialNetworkApp\src\Application\DTOs\Stories\StoryTimelineUserDto.cs", "C#", 0, -1, 0, 0, 0, 0, 0, 0, 0, 0, 0, 0, 0, -1
"d:\SocialNetworkApp\SocialNetworkApp\src\Application\DTOs\Users\BirthdayDto.cs", "C#", 0, 10, 0, 0, 0, 0, 0, 0, 0, 0, 0, 0, 2, 12
"d:\SocialNetworkApp\SocialNetworkApp\src\Application\Friend\Commands\SendFriendRequest\SendFriendRequestCommandHandler.cs", "C#", 0, 6, 0, 0, 0, 0, 0, 0, 0, 0, 0, 1, 0, 7
"d:\SocialNetworkApp\SocialNetworkApp\src\Application\Friend\Events\FriendRequestCreated\FriendRequestCreatedDomainEventHandler.cs", "C#", 0, 77, 0, 0, 0, 0, 0, 0, 0, 0, 0, 0, 12, 89
"d:\SocialNetworkApp\SocialNetworkApp\src\Application\Friend\Events\FriendshipCreated\FriendshipCreatedDomainEventHandler.cs", "C#", 0, 42, 0, 0, 0, 0, 0, 0, 0, 0, 0, 0, 7, 49
"d:\SocialNetworkApp\SocialNetworkApp\src\Application\Groups\Commands\ReviewGroupJoinRequest\ReviewGroupJoinRequestCommandHandler.cs", "C#", 0, 15, 0, 0, 0, 0, 0, 0, 0, 0, 0, 1, 1, 17
"d:\SocialNetworkApp\SocialNetworkApp\src\Application\Groups\Events\GroupJoinRequestAccepted\GroupJoinRequestAcceptedDomainEventHandler.cs", "C#", 0, 80, 0, 0, 0, 0, 0, 0, 0, 0, 0, 0, 13, 93
"d:\SocialNetworkApp\SocialNetworkApp\src\Application\Messages\Commands\ForwardMessage\ForwardMessageCommandHandler.cs", "C#", 0, -6, 0, 0, 0, 0, 0, 0, 0, 0, 0, -3, -1, -10
"d:\SocialNetworkApp\SocialNetworkApp\src\Application\Messages\Commands\MarkMessagesAsSeen\MarkMessagesAsSeenCommand.cs", "C#", 0, 7, 0, 0, 0, 0, 0, 0, 0, 0, 0, 0, 3, 10
"d:\SocialNetworkApp\SocialNetworkApp\src\Application\Messages\Commands\MarkMessagesAsSeen\MarkMessagesAsSeenCommandHandler.cs", "C#", 0, 32, 0, 0, 0, 0, 0, 0, 0, 0, 0, 0, 8, 40
"d:\SocialNetworkApp\SocialNetworkApp\src\Application\Messages\Commands\ReactToMessage\ReactToMessageCommand.cs", "C#", 0, 9, 0, 0, 0, 0, 0, 0, 0, 0, 0, 0, 3, 12
"d:\SocialNetworkApp\SocialNetworkApp\src\Application\Messages\Commands\ReactToMessage\ReactToMessageCommandHandler.cs", "C#", 0, 35, 0, 0, 0, 0, 0, 0, 0, 0, 0, 0, 8, 43
"d:\SocialNetworkApp\SocialNetworkApp\src\Application\Messages\Commands\SendMessage\SendMessageCommand.cs", "C#", 0, 9, 0, 0, 0, 0, 0, 0, 0, 0, 0, 0, 1, 10
"d:\SocialNetworkApp\SocialNetworkApp\src\Application\Messages\Commands\SendMessage\SendMessageCommandHandler.cs", "C#", 0, 37, 0, 0, 0, 0, 0, 0, 0, 0, 0, -2, 3, 38
"d:\SocialNetworkApp\SocialNetworkApp\src\Application\Messages\Commands\TogglePinMessage\TogglePinMessageCommand.cs", "C#", 0, 6, 0, 0, 0, 0, 0, 0, 0, 0, 0, 0, 3, 9
"d:\SocialNetworkApp\SocialNetworkApp\src\Application\Messages\Commands\TogglePinMessage\TogglePinMessageCommandHandler.cs", "C#", 0, 44, 0, 0, 0, 0, 0, 0, 0, 0, 0, 0, 8, 52
"d:\SocialNetworkApp\SocialNetworkApp\src\Application\Messages\Commands\UpdateMessage\UpdateMessageCommand.cs", "C#", 0, 1, 0, 0, 0, 0, 0, 0, 0, 0, 0, 0, 0, 1
"d:\SocialNetworkApp\SocialNetworkApp\src\Application\Messages\Commands\UpdateMessage\UpdateMessageCommandHandler.cs", "C#", 0, 1, 0, 0, 0, 0, 0, 0, 0, 0, 0, 0, 0, 1
"d:\SocialNetworkApp\SocialNetworkApp\src\Application\Messages\Queries\GetFilesByConversationId\GetFilesByConversationIdQuery.cs", "C#", 0, 9, 0, 0, 0, 0, 0, 0, 0, 0, 0, 0, 3, 12
"d:\SocialNetworkApp\SocialNetworkApp\src\Application\Messages\Queries\GetFilesByConversationId\GetFilesByConversationIdQueryHandler.cs", "C#", 0, 39, 0, 0, 0, 0, 0, 0, 0, 0, 0, 0, 8, 47
"d:\SocialNetworkApp\SocialNetworkApp\src\Application\Messages\Queries\GetMessagesAround\GetMessagesAroundQueryHandler.cs", "C#", 0, 4, 0, 0, 0, 0, 0, 0, 0, 0, 0, 0, 0, 4
"d:\SocialNetworkApp\SocialNetworkApp\src\Application\Messages\Queries\GetPinnedMessages\GetPinnedMessagesQuery.cs", "C#", 0, 9, 0, 0, 0, 0, 0, 0, 0, 0, 0, 0, 3, 12
"d:\SocialNetworkApp\SocialNetworkApp\src\Application\Messages\Queries\GetPinnedMessages\GetPinnedMessagesQueryHandler.cs", "C#", 0, 42, 0, 0, 0, 0, 0, 0, 0, 0, 0, 0, 8, 50
"d:\SocialNetworkApp\SocialNetworkApp\src\Application\Messages\Queries\SearchMessages\SearchMessagesQuery.cs", "C#", 0, 2, 0, 0, 0, 0, 0, 0, 0, 0, 0, 0, 0, 2
"d:\SocialNetworkApp\SocialNetworkApp\src\Application\Messages\Queries\SearchMessages\SearchMessagesQueryHandler.cs", "C#", 0, 4, 0, 0, 0, 0, 0, 0, 0, 0, 0, -4, 0, 0
"d:\SocialNetworkApp\SocialNetworkApp\src\Application\Notifications\Commands\MarkNotificationAsSeen\MarkNotificationAsSeenCommand.cs", "C#", 0, 6, 0, 0, 0, 0, 0, 0, 0, 0, 0, 0, 3, 9
"d:\SocialNetworkApp\SocialNetworkApp\src\Application\Notifications\Commands\MarkNotificationAsSeen\MarkNotificationAsSeenCommandHandler.cs", "C#", 0, 29, 0, 0, 0, 0, 0, 0, 0, 0, 0, 0, 7, 36
"d:\SocialNetworkApp\SocialNetworkApp\src\Application\Notifications\Commands\MarkNotificationAsSeen\MarkNotificationAsSeenResponse.cs", "C#", 0, 2, 0, 0, 0, 0, 0, 0, 0, 0, 0, 0, 2, 4
"d:\SocialNetworkApp\SocialNetworkApp\src\Application\Notifications\Queries\GetPagedNotifications\GetPagedNotificationsQuery.cs", "C#", 0, 12, 0, 0, 0, 0, 0, 0, 0, 0, 0, 0, 2, 14
"d:\SocialNetworkApp\SocialNetworkApp\src\Application\Notifications\Queries\GetPagedNotifications\GetPagedNotificationsQueryHandler.cs", "C#", 0, 59, 0, 0, 0, 0, 0, 0, 0, 0, 0, 0, 8, 67
"d:\SocialNetworkApp\SocialNetworkApp\src\Application\Posts\Commands\CreateComment\CreateCommentCommandHandler.cs", "C#", 0, 10, 0, 0, 0, 0, 0, 0, 0, 0, 0, 1, 2, 13
"d:\SocialNetworkApp\SocialNetworkApp\src\Application\Posts\Commands\CreatePost\CreatePostCommandHandler.cs", "C#", 0, 13, 0, 0, 0, 0, 0, 0, 0, 0, 0, 1, 3, 17
"d:\SocialNetworkApp\SocialNetworkApp\src\Application\Posts\Commands\UpdatePost\UpdatePostCommand.cs", "C#", 0, 3, 0, 0, 0, 0, 0, 0, 0, 0, 0, 0, 0, 3
"d:\SocialNetworkApp\SocialNetworkApp\src\Application\Posts\Commands\UpdatePost\UpdatePostCommandHandler.cs", "C#", 0, 80, 0, 0, 0, 0, 0, 0, 0, 0, 0, 0, 9, 89
"d:\SocialNetworkApp\SocialNetworkApp\src\Application\Posts\Events\CommentCreated\CommentCreatedDomainEventHandler.cs", "C#", 0, 110, 0, 0, 0, 0, 0, 0, 0, 0, 0, 2, 14, 126
"d:\SocialNetworkApp\SocialNetworkApp\src\Application\Posts\Events\PostCreated\PostCreatedDomainEventHandler.cs", "C#", 0, 82, 0, 0, 0, 0, 0, 0, 0, 0, 0, 0, 14, 96
"d:\SocialNetworkApp\SocialNetworkApp\src\Application\Posts\Queries\GetDetailPost\GetDetailPostQuery.cs", "C#", 0, 6, 0, 0, 0, 0, 0, 0, 0, 0, 0, 0, 2, 8
"d:\SocialNetworkApp\SocialNetworkApp\src\Application\Posts\Queries\GetDetailPost\GetDetailPostQueryHandler.cs", "C#", 0, 26, 0, 0, 0, 0, 0, 0, 0, 0, 0, 0, 5, 31
"d:\SocialNetworkApp\SocialNetworkApp\src\Application\Posts\Queries\GetPost\GetPostQuery.cs", "C#", 0, -6, 0, 0, 0, 0, 0, 0, 0, 0, 0, 0, -2, -8
"d:\SocialNetworkApp\SocialNetworkApp\src\Application\Posts\Queries\GetPost\GetPostQueryHandler.cs", "C#", 0, -145, 0, 0, 0, 0, 0, 0, 0, 0, 0, 0, -16, -161
"d:\SocialNetworkApp\SocialNetworkApp\src\Application\Posts\Queries\GetPostsByGroup\GetPostsByGroupQueryHandler.cs", "C#", 0, 2, 0, 0, 0, 0, 0, 0, 0, 0, 0, 0, 0, 2
"d:\SocialNetworkApp\SocialNetworkApp\src\Application\Posts\Queries\GetPostsByPerson\GetPostsByPersonQueryHandler.cs", "C#", 0, 2, 0, 0, 0, 0, 0, 0, 0, 0, 0, 0, 0, 2
"d:\SocialNetworkApp\SocialNetworkApp\src\Application\Posts\Queries\GetSavedPosts\GetSavedPostsQuery.cs", "C#", 0, 11, 0, 0, 0, 0, 0, 0, 0, 0, 0, 0, 2, 13
"d:\SocialNetworkApp\SocialNetworkApp\src\Application\Posts\Queries\GetSavedPosts\GetSavedPostsQueryHandler.cs", "C#", 0, 140, 0, 0, 0, 0, 0, 0, 0, 0, 0, 0, 15, 155
"d:\SocialNetworkApp\SocialNetworkApp\src\Application\Posts\Queries\SearchPosts\SearchPostsQuery.cs", "C#", 0, 13, 0, 0, 0, 0, 0, 0, 0, 0, 0, 0, 2, 15
"d:\SocialNetworkApp\SocialNetworkApp\src\Application\Posts\Queries\SearchPosts\SearchPostsQueryHandler.cs", "C#", 0, 25, 0, 0, 0, 0, 0, 0, 0, 0, 0, 0, 7, 32
"d:\SocialNetworkApp\SocialNetworkApp\src\Application\Reels\Commands\CreateReelComment\CreateReelCommentCommand.cs", "C#", 0, 9, 0, 0, 0, 0, 0, 0, 0, 0, 0, 0, 3, 12
"d:\SocialNetworkApp\SocialNetworkApp\src\Application\Reels\Commands\CreateReelComment\CreateReelCommentCommandHandler.cs", "C#", 0, 92, 0, 0, 0, 0, 0, 0, 0, 0, 0, 0, 14, 106
"d:\SocialNetworkApp\SocialNetworkApp\src\Application\Reels\Commands\RecordReelView\RecordReelViewCommand.cs", "C#", 0, 6, 0, 0, 0, 0, 0, 0, 0, 0, 0, 0, 3, 9
"d:\SocialNetworkApp\SocialNetworkApp\src\Application\Reels\Commands\RecordReelView\RecordReelViewCommandHandler.cs", "C#", 0, 40, 0, 0, 0, 0, 0, 0, 0, 0, 0, 0, 8, 48
"d:\SocialNetworkApp\SocialNetworkApp\src\Application\Reels\Queries\GetRecommendedReels\GetRecommendedReelsQuery.cs", "C#", 0, 1, 0, 0, 0, 0, 0, 0, 0, 0, 0, 0, -1, 0
"d:\SocialNetworkApp\SocialNetworkApp\src\Application\Reels\Queries\GetRecommendedReels\GetRecommendedReelsQueryHandler.cs", "C#", 0, 6, 0, 0, 0, 0, 0, 0, 0, 0, 0, 1, 0, 7
"d:\SocialNetworkApp\SocialNetworkApp\src\Application\Reels\Queries\GetTopReels\GetTopReelsQuery.cs", "C#", 0, 8, 0, 0, 0, 0, 0, 0, 0, 0, 0, 0, 3, 11
"d:\SocialNetworkApp\SocialNetworkApp\src\Application\Reels\Queries\GetTopReels\GetTopReelsQueryHandler.cs", "C#", 0, 52, 0, 0, 0, 0, 0, 0, 0, 0, 0, 0, 10, 62
"d:\SocialNetworkApp\SocialNetworkApp\src\Application\Reels\Queries\SearchReels\SearchReelsQuery.cs", "C#", 0, 12, 0, 0, 0, 0, 0, 0, 0, 0, 0, 0, 2, 14
"d:\SocialNetworkApp\SocialNetworkApp\src\Application\Reels\Queries\SearchReels\SearchReelsQueryHandler.cs", "C#", 0, 28, 0, 0, 0, 0, 0, 0, 0, 0, 0, 0, 6, 34
"d:\SocialNetworkApp\SocialNetworkApp\src\Application\Stories\Commands\MarkStoryAsSeen\MarkStoryAsSeenCommand.cs", "C#", 0, 6, 0, 0, 0, 0, 0, 0, 0, 0, 0, 0, 3, 9
"d:\SocialNetworkApp\SocialNetworkApp\src\Application\Stories\Commands\MarkStoryAsSeen\MarkStoryAsSeenCommandHandler.cs", "C#", 0, 54, 0, 0, 0, 0, 0, 0, 0, 0, 0, 0, 10, 64
"d:\SocialNetworkApp\SocialNetworkApp\src\Application\Stories\Commands\MarkStoryAsSeen\MarkStoryAsSeenResponse.cs", "C#", 0, 2, 0, 0, 0, 0, 0, 0, 0, 0, 0, 0, 2, 4
"d:\SocialNetworkApp\SocialNetworkApp\src\Application\Stories\Commands\UploadStoryMedia\UploadStoryMediaCommand.cs", "C#", 0, 9, 0, 0, 0, 0, 0, 0, 0, 0, 0, 0, 3, 12
"d:\SocialNetworkApp\SocialNetworkApp\src\Application\Stories\Commands\UploadStoryMedia\UploadStoryMediaCommandHandler.cs", "C#", 0, 45, 0, 0, 0, 0, 0, 0, 0, 0, 0, 0, 7, 52
"d:\SocialNetworkApp\SocialNetworkApp\src\Application\Stories\Queries\GetStoryTimeline\GetStoryTimelineQueryHandler.cs", "C#", 0, -4, 0, 0, 0, 0, 0, 0, 0, 0, 0, 0, -1, -5
"d:\SocialNetworkApp\SocialNetworkApp\src\Application\Users\Queries\GetTodayBirthdays\GetTodayBirthdaysQuery.cs", "C#", 0, 4, 0, 0, 0, 0, 0, 0, 0, 0, 0, 0, 3, 7
"d:\SocialNetworkApp\SocialNetworkApp\src\Application\Users\Queries\GetTodayBirthdays\GetTodayBirthdaysQueryHandler.cs", "C#", 0, 21, 0, 0, 0, 0, 0, 0, 0, 0, 0, 0, 5, 26
"d:\SocialNetworkApp\SocialNetworkApp\src\Application\Users\Queries\GetUpcomingBirthdays\GetUpcomingBirthdaysQuery.cs", "C#", 0, 4, 0, 0, 0, 0, 0, 0, 0, 0, 0, 0, 3, 7
"d:\SocialNetworkApp\SocialNetworkApp\src\Application\Users\Queries\GetUpcomingBirthdays\GetUpcomingBirthdaysQueryHandler.cs", "C#", 0, 20, 0, 0, 0, 0, 0, 0, 0, 0, 0, 0, 5, 25
"d:\SocialNetworkApp\SocialNetworkApp\src\Application\Users\Queries\IsBlockedByUserId\IsBlockedByUserIdQuery.cs", "C#", 0, 8, 0, 0, 0, 0, 0, 0, 0, 0, 0, 0, 3, 11
"d:\SocialNetworkApp\SocialNetworkApp\src\Application\Users\Queries\IsBlockedByUserId\IsBlockedByUserIdQueryHandler.cs", "C#", 0, 24, 0, 0, 0, 0, 0, 0, 0, 0, 0, 0, 6, 30
"d:\SocialNetworkApp\SocialNetworkApp\src\Application\Users\Queries\IsBlockingUser\IsBlockingUserQuery.cs", "C#", 0, 7, 0, 0, 0, 0, 0, 0, 0, 0, 0, 0, 3, 10
"d:\SocialNetworkApp\SocialNetworkApp\src\Application\Users\Queries\IsBlockingUser\IsBlockingUserQueryHandler.cs", "C#", 0, 24, 0, 0, 0, 0, 0, 0, 0, 0, 0, 0, 6, 30
"d:\SocialNetworkApp\SocialNetworkApp\src\Application\Users\Queries\SearchUsers\SearchUsersQuery.cs", "C#", 0, 12, 0, 0, 0, 0, 0, 0, 0, 0, 0, 0, 2, 14
"d:\SocialNetworkApp\SocialNetworkApp\src\Application\Users\Queries\SearchUsers\SearchUsersQueryHandler.cs", "C#", 0, 28, 0, 0, 0, 0, 0, 0, 0, 0, 0, 0, 6, 34
"d:\SocialNetworkApp\SocialNetworkApp\src\Application\obj\Application.csproj.nuget.dgspec.json", "JSON", 0, 0, 0, 0, -4, 0, 0, 0, 0, 0, 0, 0, 0, -4
"d:\SocialNetworkApp\SocialNetworkApp\src\Application\obj\project.assets.json", "JSON", 0, 0, 0, 0, -2, 0, 0, 0, 0, 0, 0, 0, 0, -2
"d:\SocialNetworkApp\SocialNetworkApp\src\Domain\Common\AggregateRoot.cs", "C#", 0, 0, 0, 0, 0, 0, 0, 0, 0, 0, 0, 0, -1, -1
"d:\SocialNetworkApp\SocialNetworkApp\src\Domain\Domain.csproj", "XML", 2, 0, 0, 0, 0, 0, 0, 0, 0, 0, 0, 0, 0, 2
"d:\SocialNetworkApp\SocialNetworkApp\src\Domain\Entities\Conversation.cs", "C#", 0, 81, 0, 0, 0, 0, 0, 0, 0, 0, 0, 0, 26, 107
"d:\SocialNetworkApp\SocialNetworkApp\src\Domain\Entities\ConversationMember.cs", "C#", 0, 2, 0, 0, 0, 0, 0, 0, 0, 0, 0, 0, 0, 2
"d:\SocialNetworkApp\SocialNetworkApp\src\Domain\Entities\MemberMessage.cs", "C#", 0, -21, 0, 0, 0, 0, 0, 0, 0, 0, 0, -1, -7, -29
"d:\SocialNetworkApp\SocialNetworkApp\src\Domain\Entities\Message.cs", "C#", 0, 35, 0, 0, 0, 0, 0, 0, 0, 0, 0, 0, 5, 40
"d:\SocialNetworkApp\SocialNetworkApp\src\Domain\Entities\MessageReaction.cs", "C#", 0, 31, 0, 0, 0, 0, 0, 0, 0, 0, 0, 1, 9, 41
"d:\SocialNetworkApp\SocialNetworkApp\src\Domain\Entities\Notification.cs", "C#", 0, 27, 0, 0, 0, 0, 0, 0, 0, 0, 0, 0, 5, 32
"d:\SocialNetworkApp\SocialNetworkApp\src\Domain\Entities\User.cs", "C#", 0, 2, 0, 0, 0, 0, 0, 0, 0, 0, 0, 3, 1, 6
"d:\SocialNetworkApp\SocialNetworkApp\src\Domain\Enums\ConversationRole.cs", "C#", 0, 1, 0, 0, 0, 0, 0, 0, 0, 0, 0, 0, 0, 1
"d:\SocialNetworkApp\SocialNetworkApp\src\Domain\Enums\MessageType.cs", "C#", 0, 0, 0, 0, 0, 0, 0, 0, 0, 0, 0, 0, -2, -2
"d:\SocialNetworkApp\SocialNetworkApp\src\Domain\Enums\NotificationEntityType.cs", "C#", 0, 3, 0, 0, 0, 0, 0, 0, 0, 0, 0, 0, 0, 3
"d:\SocialNetworkApp\SocialNetworkApp\src\Domain\Enums\ReactionTargetType.cs", "C#", 0, -8, 0, 0, 0, 0, 0, 0, 0, 0, 0, 0, -1, -9
"d:\SocialNetworkApp\SocialNetworkApp\src\Domain\Enums\SystemMessageType.cs", "C#", 0, 14, 0, 0, 0, 0, 0, 0, 0, 0, 0, 0, 1, 15
"d:\SocialNetworkApp\SocialNetworkApp\src\Domain\Events\CommentCreatedDomainEvent.cs", "C#", 0, 10, 0, 0, 0, 0, 0, 0, 0, 0, 0, 0, 3, 13
"d:\SocialNetworkApp\SocialNetworkApp\src\Domain\Events\FriendRequestCreatedDomainEvent.cs", "C#", 0, 7, 0, 0, 0, 0, 0, 0, 0, 0, 0, 0, 3, 10
"d:\SocialNetworkApp\SocialNetworkApp\src\Domain\Events\GroupJoinRequestAcceptedDomainEvent.cs", "C#", 0, 9, 0, 0, 0, 0, 0, 0, 0, 0, 0, 0, 3, 12
"d:\SocialNetworkApp\SocialNetworkApp\src\Domain\Events\PostCreatedDomainEvent.cs", "C#", 0, 9, 0, 0, 0, 0, 0, 0, 0, 0, 0, 0, 3, 12
"d:\SocialNetworkApp\SocialNetworkApp\src\Domain\obj\Domain.csproj.nuget.dgspec.json", "JSON", 0, 0, 0, 0, -2, 0, 0, 0, 0, 0, 0, 0, 0, -2
"d:\SocialNetworkApp\SocialNetworkApp\src\Domain\obj\Release\net10.0\.NETCoreApp,Version=v10.0.AssemblyAttributes.cs", "C#", 0, 3, 0, 0, 0, 0, 0, 0, 0, 0, 0, 1, 1, 5
"d:\SocialNetworkApp\SocialNetworkApp\src\Domain\obj\Release\net10.0\Domain.AssemblyInfo.cs", "C#", 0, 9, 0, 0, 0, 0, 0, 0, 0, 0, 0, 10, 5, 24
"d:\SocialNetworkApp\SocialNetworkApp\src\Domain\obj\Release\net10.0\Domain.GeneratedMSBuildEditorConfig.editorconfig", "Properties", 0, 0, 0, 0, 0, 17, 0, 0, 0, 0, 0, 0, 1, 18
"d:\SocialNetworkApp\SocialNetworkApp\src\Domain\obj\Release\net10.0\Domain.GlobalUsings.g.cs", "C#", 0, 7, 0, 0, 0, 0, 0, 0, 0, 0, 0, 1, 1, 9
"d:\SocialNetworkApp\SocialNetworkApp\src\Domain\obj\project.assets.json", "JSON", 0, 0, 0, 0, -2, 0, 0, 0, 0, 0, 0, 0, 0, -2
"d:\SocialNetworkApp\SocialNetworkApp\src\Infrastructure\DependencyInjection.cs", "C#", 0, 4, 0, 0, 0, 0, 0, 0, 0, 0, 0, 0, 0, 4
"d:\SocialNetworkApp\SocialNetworkApp\src\Infrastructure\Migrations\20260326140820_InitDb.Designer.cs", "C#", 0, -482, 0, 0, 0, 0, 0, 0, 0, 0, 0, -2, -183, -667
"d:\SocialNetworkApp\SocialNetworkApp\src\Infrastructure\Migrations\20260326140820_InitDb.cs", "C#", 0, -434, 0, 0, 0, 0, 0, 0, 0, 0, 0, -3, -46, -483
"d:\SocialNetworkApp\SocialNetworkApp\src\Infrastructure\Migrations\20260329024907_updb-1.Designer.cs", "C#", 0, -491, 0, 0, 0, 0, 0, 0, 0, 0, 0, -2, -186, -679
"d:\SocialNetworkApp\SocialNetworkApp\src\Infrastructure\Migrations\20260329024907_updb-1.cs", "C#", 0, -82, 0, 0, 0, 0, 0, 0, 0, 0, 0, -3, -14, -99
"d:\SocialNetworkApp\SocialNetworkApp\src\Infrastructure\Migrations\20260331111353_updb-2.Designer.cs", "C#", 0, -568, 0, 0, 0, 0, 0, 0, 0, 0, 0, -2, -220, -790
"d:\SocialNetworkApp\SocialNetworkApp\src\Infrastructure\Migrations\20260331111353_updb-2.cs", "C#", 0, -107, 0, 0, 0, 0, 0, 0, 0, 0, 0, -3, -14, -124
"d:\SocialNetworkApp\SocialNetworkApp\src\Infrastructure\Migrations\20260406124651_updb3.Designer.cs", "C#", 0, -567, 0, 0, 0, 0, 0, 0, 0, 0, 0, -2, -220, -789
"d:\SocialNetworkApp\SocialNetworkApp\src\Infrastructure\Migrations\20260406124651_updb3.cs", "C#", 0, -30, 0, 0, 0, 0, 0, 0, 0, 0, 0, -3, -4, -37
"d:\SocialNetworkApp\SocialNetworkApp\src\Infrastructure\Migrations\20260406125630_updb4.Designer.cs", "C#", 0, -567, 0, 0, 0, 0, 0, 0, 0, 0, 0, -2, -220, -789
"d:\SocialNetworkApp\SocialNetworkApp\src\Infrastructure\Migrations\20260406125630_updb4.cs", "C#", 0, -29, 0, 0, 0, 0, 0, 0, 0, 0, 0, -3, -4, -36
"d:\SocialNetworkApp\SocialNetworkApp\src\Infrastructure\Migrations\20260510120539_updb-4.Designer.cs", "C#", 0, -579, 0, 0, 0, 0, 0, 0, 0, 0, 0, -2, -226, -807
"d:\SocialNetworkApp\SocialNetworkApp\src\Infrastructure\Migrations\20260510120539_updb-4.cs", "C#", 0, -86, 0, 0, 0, 0, 0, 0, 0, 0, 0, -3, -18, -107
"d:\SocialNetworkApp\SocialNetworkApp\src\Infrastructure\Migrations\20260510121353_updb5.Designer.cs", "C#", 0, -580, 0, 0, 0, 0, 0, 0, 0, 0, 0, -2, -226, -808
"d:\SocialNetworkApp\SocialNetworkApp\src\Infrastructure\Migrations\20260510121353_updb5.cs", "C#", 0, -86, 0, 0, 0, 0, 0, 0, 0, 0, 0, -3, -18, -107
"d:\SocialNetworkApp\SocialNetworkApp\src\Infrastructure\Migrations\20260510130850_updb6.Designer.cs", "C#", 0, -582, 0, 0, 0, 0, 0, 0, 0, 0, 0, -2, -227, -811
"d:\SocialNetworkApp\SocialNetworkApp\src\Infrastructure\Migrations\20260510130850_updb6.cs", "C#", 0, -22, 0, 0, 0, 0, 0, 0, 0, 0, 0, -3, -4, -29
"d:\SocialNetworkApp\SocialNetworkApp\src\Infrastructure\Migrations\20260518122331_updb7.Designer.cs", "C#", 0, -1079, 0, 0, 0, 0, 0, 0, 0, 0, 0, -2, -440, -1521
"d:\SocialNetworkApp\SocialNetworkApp\src\Infrastructure\Migrations\20260518122331_updb7.cs", "C#", 0, -554, 0, 0, 0, 0, 0, 0, 0, 0, 0, -3, -68, -625
"d:\SocialNetworkApp\SocialNetworkApp\src\Infrastructure\Migrations\20260518123622_updb8.Designer.cs", "C#", 0, -1126, 0, 0, 0, 0, 0, 0, 0, 0, 0, -2, -459, -1587
"d:\SocialNetworkApp\SocialNetworkApp\src\Infrastructure\Migrations\20260518123622_updb8.cs", "C#", 0, -66, 0, 0, 0, 0, 0, 0, 0, 0, 0, -3, -9, -78
"d:\SocialNetworkApp\SocialNetworkApp\src\Infrastructure\Migrations\20260518145637_FixRelationshipStatus.Designer.cs", "C#", 0, -1123, 0, 0, 0, 0, 0, 0, 0, 0, 0, -2, -458, -1583
"d:\SocialNetworkApp\SocialNetworkApp\src\Infrastructure\Migrations\20260518145637_FixRelationshipStatus.cs", "C#", 0, -46, 0, 0, 0, 0, 0, 0, 0, 0, 0, -3, -6, -55
"d:\SocialNetworkApp\SocialNetworkApp\src\Infrastructure\Migrations\20260521144618_updb10.Designer.cs", "C#", 0, -1123, 0, 0, 0, 0, 0, 0, 0, 0, 0, -2, -458, -1583
"d:\SocialNetworkApp\SocialNetworkApp\src\Infrastructure\Migrations\20260521144618_updb10.cs", "C#", 0, -30, 0, 0, 0, 0, 0, 0, 0, 0, 0, -3, -4, -37
"d:\SocialNetworkApp\SocialNetworkApp\src\Infrastructure\Migrations\20260524124929_updb11.Designer.cs", "C#", 0, -1287, 0, 0, 0, 0, 0, 0, 0, 0, 0, -2, -530, -1819
"d:\SocialNetworkApp\SocialNetworkApp\src\Infrastructure\Migrations\20260524124929_updb11.cs", "C#", 0, -223, 0, 0, 0, 0, 0, 0, 0, 0, 0, -3, -29, -255
"d:\SocialNetworkApp\SocialNetworkApp\src\Infrastructure\Migrations\20260527093944_updb12.Designer.cs", "C#", 0, -1286, 0, 0, 0, 0, 0, 0, 0, 0, 0, -2, -530, -1818
"d:\SocialNetworkApp\SocialNetworkApp\src\Infrastructure\Migrations\20260527093944_updb12.cs", "C#", 0, -32, 0, 0, 0, 0, 0, 0, 0, 0, 0, -3, -4, -39
"d:\SocialNetworkApp\SocialNetworkApp\src\Infrastructure\Migrations\20260528071505_updb13.Designer.cs", "C#", 0, -1332, 0, 0, 0, 0, 0, 0, 0, 0, 0, -2, -549, -1883
"d:\SocialNetworkApp\SocialNetworkApp\src\Infrastructure\Migrations\20260528071505_updb13.cs", "C#", 0, -177, 0, 0, 0, 0, 0, 0, 0, 0, 0, -3, -22, -202
"d:\SocialNetworkApp\SocialNetworkApp\src\Infrastructure\Migrations\20260528120902_updb14.Designer.cs", "C#", 0, -1326, 0, 0, 0, 0, 0, 0, 0, 0, 0, -2, -546, -1874
"d:\SocialNetworkApp\SocialNetworkApp\src\Infrastructure\Migrations\20260528120902_updb14.cs", "C#", 0, -14, 0, 0, 0, 0, 0, 0, 0, 0, 0, -3, -6, -23
"d:\SocialNetworkApp\SocialNetworkApp\src\Infrastructure\Migrations\20260528121828_updb15.Designer.cs", "C#", 0, -1325, 0, 0, 0, 0, 0, 0, 0, 0, 0, -2, -545, -1872
"d:\SocialNetworkApp\SocialNetworkApp\src\Infrastructure\Migrations\20260528121828_updb15.cs", "C#", 0, -34, 0, 0, 0, 0, 0, 0, 0, 0, 0, -3, -6, -43
"d:\SocialNetworkApp\SocialNetworkApp\src\Infrastructure\Migrations\20260529071128_updb16.Designer.cs", "C#", 0, -1239, 0, 0, 0, 0, 0, 0, 0, 0, 0, -2, -507, -1748
"d:\SocialNetworkApp\SocialNetworkApp\src\Infrastructure\Migrations\20260529071128_updb16.cs", "C#", 0, -106, 0, 0, 0, 0, 0, 0, 0, 0, 0, -3, -12, -121
"d:\SocialNetworkApp\SocialNetworkApp\src\Infrastructure\Migrations\20260531055803_AddGroupJoinApprovalSettingAndReportedGroupContent.Designer.cs", "C#", 0, -1364, 0, 0, 0, 0, 0, 0, 0, 0, 0, -2, -554, -1920
"d:\SocialNetworkApp\SocialNetworkApp\src\Infrastructure\Migrations\20260531055803_AddGroupJoinApprovalSettingAndReportedGroupContent.cs", "C#", 0, -156, 0, 0, 0, 0, 0, 0, 0, 0, 0, -3, -21, -180
"d:\SocialNetworkApp\SocialNetworkApp\src\Infrastructure\Migrations\20260531065118_AddGroupPostHiddenFields.Designer.cs", "C#", 0, -1373, 0, 0, 0, 0, 0, 0, 0, 0, 0, -2, -557, -1932
"d:\SocialNetworkApp\SocialNetworkApp\src\Infrastructure\Migrations\20260531065118_AddGroupPostHiddenFields.cs", "C#", 0, -41, 0, 0, 0, 0, 0, 0, 0, 0, 0, -3, -8, -52
"d:\SocialNetworkApp\SocialNetworkApp\src\Infrastructure\Migrations\20260531094629_updb17.Designer.cs", "C#", 0, -1373, 0, 0, 0, 0, 0, 0, 0, 0, 0, -2, -557, -1932
"d:\SocialNetworkApp\SocialNetworkApp\src\Infrastructure\Migrations\20260531094629_updb17.cs", "C#", 0, -14, 0, 0, 0, 0, 0, 0, 0, 0, 0, -3, -6, -23
"d:\SocialNetworkApp\SocialNetworkApp\src\Infrastructure\Migrations\20260604120513_updb18.Designer.cs", "C#", 0, -1373, 0, 0, 0, 0, 0, 0, 0, 0, 0, -2, -557, -1932
"d:\SocialNetworkApp\SocialNetworkApp\src\Infrastructure\Migrations\20260604120513_updb18.cs", "C#", 0, -32, 0, 0, 0, 0, 0, 0, 0, 0, 0, -3, -6, -41
"d:\SocialNetworkApp\SocialNetworkApp\src\Infrastructure\Migrations\20260605095716_updb19.Designer.cs", "C#", 0, -1373, 0, 0, 0, 0, 0, 0, 0, 0, 0, -2, -557, -1932
"d:\SocialNetworkApp\SocialNetworkApp\src\Infrastructure\Migrations\20260605095716_updb19.cs", "C#", 0, -26, 0, 0, 0, 0, 0, 0, 0, 0, 0, -3, -6, -35
"d:\SocialNetworkApp\SocialNetworkApp\src\Infrastructure\Migrations\20260605145532_updb20.Designer.cs", "C#", 0, -1520, 0, 0, 0, 0, 0, 0, 0, 0, 0, -2, -618, -2140
"d:\SocialNetworkApp\SocialNetworkApp\src\Infrastructure\Migrations\20260605145532_updb20.cs", "C#", 0, -542, 0, 0, 0, 0, 0, 0, 0, 0, 0, -3, -107, -652
"d:\SocialNetworkApp\SocialNetworkApp\src\Infrastructure\Migrations\20260606090017_updb21.Designer.cs", "C#", 0, -1564, 0, 0, 0, 0, 0, 0, 0, 0, 0, -2, -636, -2202
"d:\SocialNetworkApp\SocialNetworkApp\src\Infrastructure\Migrations\20260606090017_updb21.cs", "C#", 0, -74, 0, 0, 0, 0, 0, 0, 0, 0, 0, -3, -10, -87
"d:\SocialNetworkApp\SocialNetworkApp\src\Infrastructure\Migrations\20260606090018_updb22.Designer.cs", "C#", 0, -122, 0, 0, 0, 0, 0, 0, 0, 0, 0, -2, -44, -168
"d:\SocialNetworkApp\SocialNetworkApp\src\Infrastructure\Migrations\20260606090018_updb22.cs", "C#", 0, -75, 0, 0, 0, 0, 0, 0, 0, 0, 0, -5, -11, -91
"d:\SocialNetworkApp\SocialNetworkApp\src\Infrastructure\Migrations\20260607014653_updb23.Designer.cs", "C#", 0, -1623, 0, 0, 0, 0, 0, 0, 0, 0, 0, -2, -660, -2285
"d:\SocialNetworkApp\SocialNetworkApp\src\Infrastructure\Migrations\20260607014653_updb23.cs", "C#", 0, -851, 0, 0, 0, 0, 0, 0, 0, 0, 0, -3, -176, -1030
"d:\SocialNetworkApp\SocialNetworkApp\src\Infrastructure\Migrations\20260607015733_updb24.Designer.cs", "C#", 0, -1666, 0, 0, 0, 0, 0, 0, 0, 0, 0, -2, -677, -2345
"d:\SocialNetworkApp\SocialNetworkApp\src\Infrastructure\Migrations\20260607015733_updb24.cs", "C#", 0, -55, 0, 0, 0, 0, 0, 0, 0, 0, 0, -3, -6, -64
"d:\SocialNetworkApp\SocialNetworkApp\src\Infrastructure\Migrations\20260610155731_init.Designer.cs", "C#", 0, 1619, 0, 0, 0, 0, 0, 0, 0, 0, 0, 2, 658, 2279
"d:\SocialNetworkApp\SocialNetworkApp\src\Infrastructure\Migrations\20260610155731_init.cs", "C#", 0, 1445, 0, 0, 0, 0, 0, 0, 0, 0, 0, 3, 145, 1593
"d:\SocialNetworkApp\SocialNetworkApp\src\Infrastructure\Migrations\20260610155828_updb1.Designer.cs", "C#", 0, 1619, 0, 0, 0, 0, 0, 0, 0, 0, 0, 2, 658, 2279
"d:\SocialNetworkApp\SocialNetworkApp\src\Infrastructure\Migrations\20260610155828_updb1.cs", "C#", 0, 68, 0, 0, 0, 0, 0, 0, 0, 0, 0, 8, 12, 88
"d:\SocialNetworkApp\SocialNetworkApp\src\Infrastructure\Migrations\20260610160827_updb2.Designer.cs", "C#", 0, 1619, 0, 0, 0, 0, 0, 0, 0, 0, 0, 2, 658, 2279
"d:\SocialNetworkApp\SocialNetworkApp\src\Infrastructure\Migrations\20260610160827_updb2.cs", "C#", 0, 14, 0, 0, 0, 0, 0, 0, 0, 0, 0, 3, 6, 23
"d:\SocialNetworkApp\SocialNetworkApp\src\Infrastructure\Migrations\20260611032437_updb3.Designer.cs", "C#", 0, 1655, 0, 0, 0, 0, 0, 0, 0, 0, 0, 2, 673, 2330
"d:\SocialNetworkApp\SocialNetworkApp\src\Infrastructure\Migrations\20260611032437_updb3.cs", "C#", 0, 72, 0, 0, 0, 0, 0, 0, 0, 0, 0, 3, 10, 85
"d:\SocialNetworkApp\SocialNetworkApp\src\Infrastructure\Migrations\20260612151624_updb4.Designer.cs", "C#", 0, 1658, 0, 0, 0, 0, 0, 0, 0, 0, 0, 2, 674, 2334
"d:\SocialNetworkApp\SocialNetworkApp\src\Infrastructure\Migrations\20260612151624_updb4.cs", "C#", 0, 23, 0, 0, 0, 0, 0, 0, 0, 0, 0, 3, 4, 30
"d:\SocialNetworkApp\SocialNetworkApp\src\Infrastructure\Migrations\20260618015702_addsystemmessage.Designer.cs", "C#", 0, 1665, 0, 0, 0, 0, 0, 0, 0, 0, 0, 2, 676, 2343
"d:\SocialNetworkApp\SocialNetworkApp\src\Infrastructure\Migrations\20260618015702_addsystemmessage.cs", "C#", 0, 47, 0, 0, 0, 0, 0, 0, 0, 0, 0, 3, 8, 58
"d:\SocialNetworkApp\SocialNetworkApp\src\Infrastructure\Migrations\20260710145033_updatenotification.Designer.cs", "C#", 0, 1711, 0, 0, 0, 0, 0, 0, 0, 0, 0, 2, 698, 2411
"d:\SocialNetworkApp\SocialNetworkApp\src\Infrastructure\Migrations\20260710145033_updatenotification.cs", "C#", 0, 150, 0, 0, 0, 0, 0, 0, 0, 0, 0, 3, 39, 192
"d:\SocialNetworkApp\SocialNetworkApp\src\Infrastructure\Migrations\20260715080740_AddReelSearchVector.Designer.cs", "C#", 0, 1714, 0, 0, 0, 0, 0, 0, 0, 0, 0, 2, 699, 2415
"d:\SocialNetworkApp\SocialNetworkApp\src\Infrastructure\Migrations\20260715080740_AddReelSearchVector.cs", "C#", 0, 25, 0, 0, 0, 0, 0, 0, 0, 0, 0, 3, 5, 33
"d:\SocialNetworkApp\SocialNetworkApp\src\Infrastructure\Migrations\AppDbContextModelSnapshot.cs", "C#", 0, 48, 0, 0, 0, 0, 0, 0, 0, 0, 0, 0, 22, 70
"d:\SocialNetworkApp\SocialNetworkApp\src\Infrastructure\Persistence\Configurations\ConversationConfiguration.cs", "C#", 0, 4, 0, 0, 0, 0, 0, 0, 0, 0, 0, 0, 2, 6
"d:\SocialNetworkApp\SocialNetworkApp\src\Infrastructure\Persistence\Configurations\ConversationMemberConfiguration.cs", "C#", 0, -7, 0, 0, 0, 0, 0, 0, 0, 0, 0, -1, -2, -10
"d:\SocialNetworkApp\SocialNetworkApp\src\Infrastructure\Persistence\Configurations\GroupConfiguration.cs", "C#", 0, 1, 0, 0, 0, 0, 0, 0, 0, 0, 0, 0, 0, 1
"d:\SocialNetworkApp\SocialNetworkApp\src\Infrastructure\Persistence\Configurations\MemberMessageConfiguration.cs", "C#", 0, -14, 0, 0, 0, 0, 0, 0, 0, 0, 0, 0, -4, -18
"d:\SocialNetworkApp\SocialNetworkApp\src\Infrastructure\Persistence\Configurations\MessageConfiguration.cs", "C#", 0, -1, 0, 0, 0, 0, 0, 0, 0, 0, 0, 2, 1, 2
"d:\SocialNetworkApp\SocialNetworkApp\src\Infrastructure\Persistence\Configurations\NotificationConfiguration.cs", "C#", 0, 17, 0, 0, 0, 0, 0, 0, 0, 0, 0, 4, 4, 25
"d:\SocialNetworkApp\SocialNetworkApp\src\Infrastructure\Persistence\Configurations\ReactionConfiguration.cs", "C#", 0, 28, 0, 0, 0, 0, 0, 0, 0, 0, 0, 0, 9, 37
"d:\SocialNetworkApp\SocialNetworkApp\src\Infrastructure\Persistence\Configurations\ReelConfiguration.cs", "C#", 0, 1, 0, 0, 0, 0, 0, 0, 0, 0, 0, 1, 1, 3
"d:\SocialNetworkApp\SocialNetworkApp\src\Infrastructure\Persistence\Configurations\UserConfiguration.cs", "C#", 0, 6, 0, 0, 0, 0, 0, 0, 0, 0, 0, 4, 3, 13
"d:\SocialNetworkApp\SocialNetworkApp\src\Infrastructure\Persistence\Contexts\RoleSeeder.cs", "C#", 0, 101, 0, 0, 0, 0, 0, 0, 0, 0, 0, 4, 13, 118
"d:\SocialNetworkApp\SocialNetworkApp\src\Infrastructure\Persistence\Repositories\BirthdayRepository.cs", "C#", 0, 98, 0, 0, 0, 0, 0, 0, 0, 0, 0, 4, 22, 124
"d:\SocialNetworkApp\SocialNetworkApp\src\Infrastructure\Persistence\Repositories\ConversationRepository.cs", "C#", 0, 117, 0, 0, 0, 0, 0, 0, 0, 0, 0, 2, 21, 140
"d:\SocialNetworkApp\SocialNetworkApp\src\Infrastructure\Persistence\Repositories\FeedRepository.cs", "C#", 0, -19, 0, 0, 0, 0, 0, 0, 0, 0, 0, 8, 9, -2
"d:\SocialNetworkApp\SocialNetworkApp\src\Infrastructure\Persistence\Repositories\FriendRequestRepository.cs", "C#", 0, 7, 0, 0, 0, 0, 0, 0, 0, 0, 0, 0, 1, 8
"d:\SocialNetworkApp\SocialNetworkApp\src\Infrastructure\Persistence\Repositories\GroupListingRepository.cs", "C#", 0, -89, 0, 0, 0, 0, 0, 0, 0, 0, 0, -4, -19, -112
"d:\SocialNetworkApp\SocialNetworkApp\src\Infrastructure\Persistence\Repositories\GroupRepository.cs", "C#", 0, 57, 0, 0, 0, 0, 0, 0, 0, 0, 0, 7, 11, 75
"d:\SocialNetworkApp\SocialNetworkApp\src\Infrastructure\Persistence\Repositories\MessageRepository.cs", "C#", 0, 94, 0, 0, 0, 0, 0, 0, 0, 0, 0, 4, 11, 109
"d:\SocialNetworkApp\SocialNetworkApp\src\Infrastructure\Persistence\Repositories\NotificationRepository.cs", "C#", 0, 56, 0, 0, 0, 0, 0, 0, 0, 0, 0, 0, 13, 69
"d:\SocialNetworkApp\SocialNetworkApp\src\Infrastructure\Persistence\Repositories\PostRepository.cs", "C#", 0, 211, 0, 0, 0, 0, 0, 0, 0, 0, 0, 17, 32, 260
"d:\SocialNetworkApp\SocialNetworkApp\src\Infrastructure\Persistence\Repositories\ReelRepository.cs", "C#", 0, 72, 0, 0, 0, 0, 0, 0, 0, 0, 0, 1, 12, 85
"d:\SocialNetworkApp\SocialNetworkApp\src\Infrastructure\Persistence\Repositories\UserRepository.cs", "C#", 0, 52, 0, 0, 0, 0, 0, 0, 0, 0, 0, 2, 9, 63
"d:\SocialNetworkApp\SocialNetworkApp\src\Infrastructure\Security\BlindIndexService.cs", "C#", 0, -35, 0, 0, 0, 0, 0, 0, 0, 0, 0, -1, -10, -46
"d:\SocialNetworkApp\SocialNetworkApp\src\Infrastructure\SignalR\CallHub.cs", "C#", 0, 88, 0, 0, 0, 0, 0, 0, 0, 0, 0, 5, 17, 110
"d:\SocialNetworkApp\SocialNetworkApp\src\Infrastructure\SignalR\CallHubNotifier.cs", "C#", 0, 83, 0, 0, 0, 0, 0, 0, 0, 0, 0, 0, 9, 92
"d:\SocialNetworkApp\SocialNetworkApp\src\Infrastructure\SignalR\ChatHub.cs", "C#", 0, 10, 0, 0, 0, 0, 0, 0, 0, 0, 0, -13, -7, -10
"d:\SocialNetworkApp\SocialNetworkApp\src\Infrastructure\SignalR\ChatHubNotifier.cs", "C#", 0, 93, 0, 0, 0, 0, 0, 0, 0, 0, 0, 0, 11, 104
"d:\SocialNetworkApp\SocialNetworkApp\src\Infrastructure\SignalR\NotificationHub.cs", "C#", 0, 24, 0, 0, 0, 0, 0, 0, 0, 0, 0, 5, 4, 33
"d:\SocialNetworkApp\SocialNetworkApp\src\Infrastructure\SignalR\NotificationHubNotifier.cs", "C#", 0, 20, 0, 0, 0, 0, 0, 0, 0, 0, 0, 6, 4, 30
"d:\SocialNetworkApp\SocialNetworkApp\src\Infrastructure\SignalR\PresenceTracker.cs", "C#", 0, 2, 0, 0, 0, 0, 0, 0, 0, 0, 0, -9, -2, -9
"d:\SocialNetworkApp\SocialNetworkApp\src\Infrastructure\obj\Infrastructure.csproj.nuget.dgspec.json", "JSON", 0, 0, 0, 0, -6, 0, 0, 0, 0, 0, 0, 0, 0, -6
"d:\SocialNetworkApp\SocialNetworkApp\src\Infrastructure\obj\Release\net10.0\.NETCoreApp,Version=v10.0.AssemblyAttributes.cs", "C#", 0, 3, 0, 0, 0, 0, 0, 0, 0, 0, 0, 1, 1, 5
"d:\SocialNetworkApp\SocialNetworkApp\src\Infrastructure\obj\Release\net10.0\Infrastructure.AssemblyInfo.cs", "C#", 0, 9, 0, 0, 0, 0, 0, 0, 0, 0, 0, 10, 5, 24
"d:\SocialNetworkApp\SocialNetworkApp\src\Infrastructure\obj\Release\net10.0\Infrastructure.GeneratedMSBuildEditorConfig.editorconfig", "Properties", 0, 0, 0, 0, 0, 25, 0, 0, 0, 0, 0, 0, 1, 26
"d:\SocialNetworkApp\SocialNetworkApp\src\Infrastructure\obj\Release\net10.0\Infrastructure.GlobalUsings.g.cs", "C#", 0, 7, 0, 0, 0, 0, 0, 0, 0, 0, 0, 1, 1, 9
"d:\SocialNetworkApp\SocialNetworkApp\src\Infrastructure\obj\project.assets.json", "JSON", 0, 0, 0, 0, -2, 0, 0, 0, 0, 0, 0, 0, 0, -2
"d:\SocialNetworkApp\SocialNetworkApp\src\PROJECT_DESCRIPTION.md", "Markdown", 0, 0, 0, 0, 0, 0, 0, 0, 0, 0, 148, 0, 27, 175
"d:\SocialNetworkApp\SocialNetworkApp\src\Presentation\Contracts\Conversation\AddMemberToConversationRequest.cs", "C#", 0, 3, 0, 0, 0, 0, 0, 0, 0, 0, 0, 0, 2, 5
"d:\SocialNetworkApp\SocialNetworkApp\src\Presentation\Contracts\Conversation\UpdateConversationRequest.cs", "C#", 0, 6, 0, 0, 0, 0, 0, 0, 0, 0, 0, 0, 2, 8
"d:\SocialNetworkApp\SocialNetworkApp\src\Presentation\Contracts\Message\MarkMessagesAsSeenRequest.cs", "C#", 0, 2, 0, 0, 0, 0, 0, 0, 0, 0, 0, 0, 2, 4
"d:\SocialNetworkApp\SocialNetworkApp\src\Presentation\Contracts\Message\MessagesAroundResponse.cs", "C#", 0, 7, 0, 0, 0, 0, 0, 0, 0, 0, 0, 0, 3, 10
"d:\SocialNetworkApp\SocialNetworkApp\src\Presentation\Contracts\Message\ReactToMessageRequest.cs", "C#", 0, 2, 0, 0, 0, 0, 0, 0, 0, 0, 0, 0, 2, 4
"d:\SocialNetworkApp\SocialNetworkApp\src\Presentation\Contracts\Message\SendMessageRequest.cs", "C#", 0, 0, 0, 0, 0, 0, 0, 0, 0, 0, 0, 0, -2, -2
"d:\SocialNetworkApp\SocialNetworkApp\src\Presentation\Contracts\Message\UpdateMessageRequest.cs", "C#", 0, -3, 0, 0, 0, 0, 0, 0, 0, 0, 0, 0, -2, -5
"d:\SocialNetworkApp\SocialNetworkApp\src\Presentation\Contracts\Post\UpdatePostRequest.cs", "C#", 0, 1, 0, 0, 0, 0, 0, 0, 0, 0, 0, 0, 0, 1
"d:\SocialNetworkApp\SocialNetworkApp\src\Presentation\Contracts\Post\UpdatePostWithAttachmentsRequest.cs", "C#", 0, 14, 0, 0, 0, 0, 0, 0, 0, 0, 0, 0, 2, 16
"d:\SocialNetworkApp\SocialNetworkApp\src\Presentation\Contracts\Reel\CreateReelCommentRequest.cs", "C#", 0, 6, 0, 0, 0, 0, 0, 0, 0, 0, 0, 0, 2, 8
"d:\SocialNetworkApp\SocialNetworkApp\src\Presentation\Contracts\User\GetOnlineStateRequest.cs", "C#", 0, 2, 0, 0, 0, 0, 0, 0, 0, 0, 0, 0, 2, 4
"d:\SocialNetworkApp\SocialNetworkApp\src\Presentation\Controllers\AdminController.cs", "C#", 0, 189, 0, 0, 0, 0, 0, 0, 0, 0, 0, 18, 30, 237
"d:\SocialNetworkApp\SocialNetworkApp\src\Presentation\Controllers\ConversationController.cs", "C#", 0, 172, 0, 0, 0, 0, 0, 0, 0, 0, 0, 12, 50, 234
"d:\SocialNetworkApp\SocialNetworkApp\src\Presentation\Controllers\GroupController.cs", "C#", 0, -15, 0, 0, 0, 0, 0, 0, 0, 0, 0, 0, -3, -18
"d:\SocialNetworkApp\SocialNetworkApp\src\Presentation\Controllers\MessageController.cs", "C#", 0, 167, 0, 0, 0, 0, 0, 0, 0, 0, 0, -2, 39, 204
"d:\SocialNetworkApp\SocialNetworkApp\src\Presentation\Controllers\NotificationController.cs", "C#", 0, 36, 0, 0, 0, 0, 0, 0, 0, 0, 0, 0, 5, 41
"d:\SocialNetworkApp\SocialNetworkApp\src\Presentation\Controllers\PostController.cs", "C#", 0, 72, 0, 0, 0, 0, 0, 0, 0, 0, 0, 0, 12, 84
"d:\SocialNetworkApp\SocialNetworkApp\src\Presentation\Controllers\ReelController.cs", "C#", 0, 64, 0, 0, 0, 0, 0, 0, 0, 0, 0, 0, 13, 77
"d:\SocialNetworkApp\SocialNetworkApp\src\Presentation\Controllers\StoryController.cs", "C#", 0, 38, 0, 0, 0, 0, 0, 0, 0, 0, 0, 0, 10, 48
"d:\SocialNetworkApp\SocialNetworkApp\src\Presentation\Controllers\TestController.cs", "C#", 0, 25, 0, 0, 0, 0, 0, 0, 0, 0, 0, 0, 1, 26
"d:\SocialNetworkApp\SocialNetworkApp\src\Presentation\Controllers\UserController.cs", "C#", 0, 68, 0, 0, 0, 0, 0, 0, 0, 0, 0, 6, 14, 88
"d:\SocialNetworkApp\SocialNetworkApp\src\Presentation\Presentation.csproj", "XML", 4, 0, 0, 0, 0, 0, 0, 0, 0, 0, 0, 0, 1, 5
"d:\SocialNetworkApp\SocialNetworkApp\src\Presentation\obj\Presentation.csproj.nuget.dgspec.json", "JSON", 0, 0, 0, 0, 135, 0, 0, 0, 0, 0, 0, 0, 0, 135
"d:\SocialNetworkApp\SocialNetworkApp\src\Presentation\obj\Presentation.csproj.nuget.g.targets", "XML", -6, 0, 0, 0, 0, 0, 0, 0, 0, 0, 0, 0, 0, -6
"d:\SocialNetworkApp\SocialNetworkApp\src\Presentation\obj\Release\net10.0\.NETCoreApp,Version=v10.0.AssemblyAttributes.cs", "C#", 0, 3, 0, 0, 0, 0, 0, 0, 0, 0, 0, 1, 1, 5
"d:\SocialNetworkApp\SocialNetworkApp\src\Presentation\obj\Release\net10.0\Presentation.AssemblyInfo.cs", "C#", 0, 9, 0, 0, 0, 0, 0, 0, 0, 0, 0, 10, 5, 24
"d:\SocialNetworkApp\SocialNetworkApp\src\Presentation\obj\Release\net10.0\Presentation.GeneratedMSBuildEditorConfig.editorconfig", "Properties", 0, 0, 0, 0, 0, 17, 0, 0, 0, 0, 0, 0, 1, 18
"d:\SocialNetworkApp\SocialNetworkApp\src\Presentation\obj\Release\net10.0\Presentation.GlobalUsings.g.cs", "C#", 0, 7, 0, 0, 0, 0, 0, 0, 0, 0, 0, 1, 1, 9
"d:\SocialNetworkApp\SocialNetworkApp\src\Presentation\obj\project.assets.json", "JSON", 0, 0, 0, 0, -878, 0, 0, 0, 0, 0, 0, 0, 0, -878
"d:\SocialNetworkApp\SocialNetworkApp\src\ReactWeb\.env", "Dotenv", 0, 0, 0, 0, 0, 0, 0, 0, 0, 1, 0, 0, 0, 1
"d:\SocialNetworkApp\SocialNetworkApp\src\ReactWeb\package-lock.json", "JSON", 0, 0, 0, 0, 174, 0, 0, 0, 0, 0, 0, 0, 0, 174
"d:\SocialNetworkApp\SocialNetworkApp\src\ReactWeb\package.json", "JSON", 0, 0, 0, 0, 1, 0, 0, 0, 0, 0, 0, 0, 0, 1
"d:\SocialNetworkApp\SocialNetworkApp\src\ReactWeb\src\App.jsx", "JavaScript JSX", 0, 0, 0, 0, 0, 0, 36, 0, 0, 0, 0, 1, 1, 38
"d:\SocialNetworkApp\SocialNetworkApp\src\ReactWeb\src\apis\axios.js", "JavaScript", 0, 0, 14, 0, 0, 0, 0, 0, 0, 0, 0, 0, 0, 14
"d:\SocialNetworkApp\SocialNetworkApp\src\ReactWeb\src\apis\birthdayApi.js", "JavaScript", 0, 0, 9, 0, 0, 0, 0, 0, 0, 0, 0, 0, 3, 12
"d:\SocialNetworkApp\SocialNetworkApp\src\ReactWeb\src\apis\conversationApi.js", "JavaScript", 0, 0, 50, 0, 0, 0, 0, 0, 0, 0, 0, 44, 11, 105
"d:\SocialNetworkApp\SocialNetworkApp\src\ReactWeb\src\apis\friendApi.js", "JavaScript", 0, 0, 4, 0, 0, 0, 0, 0, 0, 0, 0, 6, 1, 11
"d:\SocialNetworkApp\SocialNetworkApp\src\ReactWeb\src\apis\messageApi.js", "JavaScript", 0, 0, 36, 0, 0, 0, 0, 0, 0, 0, 0, 32, 6, 74
"d:\SocialNetworkApp\SocialNetworkApp\src\ReactWeb\src\apis\notificationApi.js", "JavaScript", 0, 0, 15, 0, 0, 0, 0, 0, 0, 0, 0, 0, 3, 18
"d:\SocialNetworkApp\SocialNetworkApp\src\ReactWeb\src\apis\postApi.js", "JavaScript", 0, 0, 6, 0, 0, 0, 0, 0, 0, 0, 0, 5, 1, 12
"d:\SocialNetworkApp\SocialNetworkApp\src\ReactWeb\src\apis\reelApi.js", "JavaScript", 0, 0, 18, 0, 0, 0, 0, 0, 0, 0, 0, 0, 3, 21
"d:\SocialNetworkApp\SocialNetworkApp\src\ReactWeb\src\apis\searchApi.js", "JavaScript", 0, 0, 26, 0, 0, 0, 0, 0, 0, 0, 0, 12, 6, 44
"d:\SocialNetworkApp\SocialNetworkApp\src\ReactWeb\src\apis\storyApi.js", "JavaScript", 0, 0, 16, 0, 0, 0, 0, 0, 0, 0, 0, 0, 4, 20
"d:\SocialNetworkApp\SocialNetworkApp\src\ReactWeb\src\components\Common\ImageLightbox.jsx", "JavaScript JSX", 0, 0, 0, 0, 0, 0, 87, 0, 0, 0, 0, 10, 7, 104
"d:\SocialNetworkApp\SocialNetworkApp\src\ReactWeb\src\components\Feed\HomeReelsRail.jsx", "JavaScript JSX", 0, 0, 0, 0, 0, 0, 27, 0, 0, 0, 0, 0, 1, 28
"d:\SocialNetworkApp\SocialNetworkApp\src\ReactWeb\src\components\Feed\MediaGallery.jsx", "JavaScript JSX", 0, 0, 0, 0, 0, 0, 47, 0, 0, 0, 0, 5, 13, 65
"d:\SocialNetworkApp\SocialNetworkApp\src\ReactWeb\src\components\Feed\PostCard.jsx", "JavaScript JSX", 0, 0, 0, 0, 0, 0, 83, 0, 0, 0, 0, 4, 3, 90
"d:\SocialNetworkApp\SocialNetworkApp\src\ReactWeb\src\components\Feed\PostModal.jsx", "JavaScript JSX", 0, 0, 0, 0, 0, 0, 50, 0, 0, 0, 0, 1, 4, 55
"d:\SocialNetworkApp\SocialNetworkApp\src\ReactWeb\src\components\Feed\ShareModal.jsx", "JavaScript JSX", 0, 0, 0, 0, 0, 0, 183, 0, 0, 0, 0, 14, 21, 218
"d:\SocialNetworkApp\SocialNetworkApp\src\ReactWeb\src\components\Feed\StoryBar.jsx", "JavaScript JSX", 0, 0, 0, 0, 0, 0, 39, 0, 0, 0, 0, 10, 3, 52
"d:\SocialNetworkApp\SocialNetworkApp\src\ReactWeb\src\components\Feed\StoryBarRing.jsx", "JavaScript JSX", 0, 0, 0, 0, 0, 0, 101, 0, 0, 0, 0, 15, 10, 126
"d:\SocialNetworkApp\SocialNetworkApp\src\ReactWeb\src\components\Feed\UpdatingPostModal.jsx", "JavaScript JSX", 0, 0, 0, 0, 0, 0, 476, 0, 0, 0, 0, 14, 38, 528
"d:\SocialNetworkApp\SocialNetworkApp\src\ReactWeb\src\components\Messenger\ActiveCallUI.jsx", "JavaScript JSX", 0, 0, 0, 0, 0, 0, 242, 0, 0, 0, 0, 30, 22, 294
"d:\SocialNetworkApp\SocialNetworkApp\src\ReactWeb\src\components\Messenger\AddMemberModal.jsx", "JavaScript JSX", 0, 0, 0, 0, 0, 0, 183, 0, 0, 0, 0, 5, 17, 205
"d:\SocialNetworkApp\SocialNetworkApp\src\ReactWeb\src\components\Messenger\BlockedBanner.jsx", "JavaScript JSX", 0, 0, 0, 0, 0, 0, 40, 0, 0, 0, 0, 10, 4, 54
"d:\SocialNetworkApp\SocialNetworkApp\src\ReactWeb\src\components\Messenger\ChangeEmojiModal.jsx", "JavaScript JSX", 0, 0, 0, 0, 0, 0, 98, 0, 0, 0, 0, 4, 8, 110
"d:\SocialNetworkApp\SocialNetworkApp\src\ReactWeb\src\components\Messenger\ChangeNameModal.jsx", "JavaScript JSX", 0, 0, 0, 0, 0, 0, 105, 0, 0, 0, 0, 3, 7, 115
"d:\SocialNetworkApp\SocialNetworkApp\src\ReactWeb\src\components\Messenger\ChangeThemeModal.jsx", "JavaScript JSX", 0, 0, 0, 0, 0, 0, 105, 0, 0, 0, 0, 6, 6, 117
"d:\SocialNetworkApp\SocialNetworkApp\src\ReactWeb\src\components\Messenger\ChatInfoDirect.jsx", "JavaScript JSX", 0, 0, 0, 0, 0, 0, 126, 0, 0, 0, 0, -8, 17, 135
"d:\SocialNetworkApp\SocialNetworkApp\src\ReactWeb\src\components\Messenger\ChatInfoGroup.jsx", "JavaScript JSX", 0, 0, 0, 0, 0, 0, 307, 0, 0, 0, 0, 3, 30, 340
"d:\SocialNetworkApp\SocialNetworkApp\src\ReactWeb\src\components\Messenger\ChatWindow.jsx", "JavaScript JSX", 0, 0, 0, 0, 0, 0, 0, 0, 0, 0, 0, 0, -1, -1
"d:\SocialNetworkApp\SocialNetworkApp\src\ReactWeb\src\components\Messenger\ConfirmModal.jsx", "JavaScript JSX", 0, 0, 0, 0, 0, 0, 49, 0, 0, 0, 0, 13, 3, 65
"d:\SocialNetworkApp\SocialNetworkApp\src\ReactWeb\src\components\Messenger\ConversationList.jsx", "JavaScript JSX", 0, 0, 0, 0, 0, 0, 0, 0, 0, 0, 0, 0, -1, -1
"d:\SocialNetworkApp\SocialNetworkApp\src\ReactWeb\src\components\Messenger\CreateGroupModal.jsx", "JavaScript JSX", 0, 0, 0, 0, 0, 0, 187, 0, 0, 0, 0, 9, 18, 214
"d:\SocialNetworkApp\SocialNetworkApp\src\ReactWeb\src\components\Messenger\IncomingCallModal.jsx", "JavaScript JSX", 0, 0, 0, 0, 0, 0, 93, 0, 0, 0, 0, 5, 12, 110
"d:\SocialNetworkApp\SocialNetworkApp\src\ReactWeb\src\components\Messenger\MessengerFull.jsx", "JavaScript JSX", 0, 0, 0, 0, 0, 0, 1431, 0, 0, 0, 0, 107, 122, 1660
"d:\SocialNetworkApp\SocialNetworkApp\src\ReactWeb\src\components\Messenger\MessengerMini.jsx", "JavaScript JSX", 0, 0, 0, 0, 0, 0, -252, 0, 0, 0, 0, -10, -17, -279
"d:\SocialNetworkApp\SocialNetworkApp\src\ReactWeb\src\components\Messenger\SharedMediaModal.jsx", "JavaScript JSX", 0, 0, 0, 0, 0, 0, 300, 0, 0, 0, 0, 16, 30, 346
"d:\SocialNetworkApp\SocialNetworkApp\src\ReactWeb\src\components\Messenger\ViewPinnedMessagesModal.jsx", "JavaScript JSX", 0, 0, 0, 0, 0, 0, 201, 0, 0, 0, 0, 13, 20, 234
"d:\SocialNetworkApp\SocialNetworkApp\src\ReactWeb\src\components\Messenger\VoiceRecorder.jsx", "JavaScript JSX", 0, 0, 0, 0, 0, 0, 348, 0, 0, 0, 0, 22, 41, 411
"d:\SocialNetworkApp\SocialNetworkApp\src\ReactWeb\src\components\Navbar\Navbar.jsx", "JavaScript JSX", 0, 0, 0, 0, 0, 0, 36, 0, 0, 0, 0, -1, 1, 36
"d:\SocialNetworkApp\SocialNetworkApp\src\ReactWeb\src\components\Navbar\NotificationDropdown.jsx", "JavaScript JSX", 0, 0, 0, 0, 0, 0, 184, 0, 0, 0, 0, 7, 17, 208
"d:\SocialNetworkApp\SocialNetworkApp\src\ReactWeb\src\components\Profile\ProfileReelsTab.jsx", "JavaScript JSX", 0, 0, 0, 0, 0, 0, -56, 0, 0, 0, 0, -1, -4, -61
"d:\SocialNetworkApp\SocialNetworkApp\src\ReactWeb\src\components\Reels\ReelCommentModal.jsx", "JavaScript JSX", 0, 0, 0, 0, 0, 0, 143, 0, 0, 0, 0, 7, 12, 162
"d:\SocialNetworkApp\SocialNetworkApp\src\ReactWeb\src\components\Reels\ReelView.jsx", "JavaScript JSX", 0, 0, 0, 0, 0, 0, 124, 0, 0, 0, 0, 20, 12, 156
"d:\SocialNetworkApp\SocialNetworkApp\src\ReactWeb\src\components\RightSidebar\RightSidebar.jsx", "JavaScript JSX", 0, 0, 0, 0, 0, 0, 130, 0, 0, 0, 0, 17, 14, 161
"d:\SocialNetworkApp\SocialNetworkApp\src\ReactWeb\src\components\Sidebar\LeftSidebar.jsx", "JavaScript JSX", 0, 0, 0, 0, 0, 0, -7, 0, 0, 0, 0, 2, -1, -6
"d:\SocialNetworkApp\SocialNetworkApp\src\ReactWeb\src\components\Story\ProfileStoryRing.jsx", "JavaScript JSX", 0, 0, 0, 0, 0, 0, 122, 0, 0, 0, 0, 28, 6, 156
"d:\SocialNetworkApp\SocialNetworkApp\src\ReactWeb\src\components\Story\UserStoryViewer.jsx", "JavaScript JSX", 0, 0, 0, 0, 0, 0, 138, 0, 0, 0, 0, 2, 19, 159
"d:\SocialNetworkApp\SocialNetworkApp\src\ReactWeb\src\components\Story\storyMappers.js", "JavaScript", 0, 0, 21, 0, 0, 0, 0, 0, 0, 0, 0, 0, 6, 27
"d:\SocialNetworkApp\SocialNetworkApp\src\ReactWeb\src\components\group\GroupAdminInsights.jsx", "JavaScript JSX", 0, 0, 0, 0, 0, 0, -1, 0, 0, 0, 0, 0, 0, -1
"d:\SocialNetworkApp\SocialNetworkApp\src\ReactWeb\src\contexts\CallContext.jsx", "JavaScript JSX", 0, 0, 0, 0, 0, 0, 465, 0, 0, 0, 0, 29, 68, 562
"d:\SocialNetworkApp\SocialNetworkApp\src\ReactWeb\src\contexts\ChatContext.jsx", "JavaScript JSX", 0, 0, 0, 0, 0, 0, 927, 0, 0, 0, 0, 65, 102, 1094
"d:\SocialNetworkApp\SocialNetworkApp\src\ReactWeb\src\contexts\NotificationContext.jsx", "JavaScript JSX", 0, 0, 0, 0, 0, 0, 187, 0, 0, 0, 0, 12, 29, 228
"d:\SocialNetworkApp\SocialNetworkApp\src\ReactWeb\src\contexts\ReelsContext.jsx", "JavaScript JSX", 0, 0, 0, 0, 0, 0, 23, 0, 0, 0, 0, 0, 1, 24
"d:\SocialNetworkApp\SocialNetworkApp\src\ReactWeb\src\contexts\SearchEngineContext.jsx", "JavaScript JSX", 0, 0, 0, 0, 0, 0, 143, 0, 0, 0, 0, 7, 26, 176
"d:\SocialNetworkApp\SocialNetworkApp\src\ReactWeb\src\contexts\authContext.jsx", "JavaScript JSX", 0, 0, 0, 0, 0, 0, -1, 0, 0, 0, 0, 0, 0, -1
"d:\SocialNetworkApp\SocialNetworkApp\src\ReactWeb\src\contexts\conversationContext.jsx", "JavaScript JSX", 0, 0, 0, 0, 0, 0, -84, 0, 0, 0, 0, -11, -8, -103
"d:\SocialNetworkApp\SocialNetworkApp\src\ReactWeb\src\contexts\signalRContext.jsx", "JavaScript JSX", 0, 0, 0, 0, 0, 0, -49, 0, 0, 0, 0, -3, -9, -61
"d:\SocialNetworkApp\SocialNetworkApp\src\ReactWeb\src\data\chatThemes.js", "JavaScript", 0, 0, 192, 0, 0, 0, 0, 0, 0, 0, 0, 0, 3, 195
"d:\SocialNetworkApp\SocialNetworkApp\src\ReactWeb\src\data\groupMockData.js", "JavaScript", 0, 0, -1, 0, 0, 0, 0, 0, 0, 0, 0, 0, 0, -1
"d:\SocialNetworkApp\SocialNetworkApp\src\ReactWeb\src\data\searchMockData.js", "JavaScript", 0, 0, 90, 0, 0, 0, 0, 0, 0, 0, 0, 0, 0, 90
"d:\SocialNetworkApp\SocialNetworkApp\src\ReactWeb\src\hooks\useBirthdays.js", "JavaScript", 0, 0, 51, 0, 0, 0, 0, 0, 0, 0, 0, 0, 9, 60
"d:\SocialNetworkApp\SocialNetworkApp\src\ReactWeb\src\hooks\useChat.jsx", "JavaScript JSX", 0, 0, 0, 0, 0, 0, 0, 0, 0, 0, 0, -3, 0, -3
"d:\SocialNetworkApp\SocialNetworkApp\src\ReactWeb\src\hooks\useContacts.js", "JavaScript", 0, 0, 128, 0, 0, 0, 0, 0, 0, 0, 0, 22, 20, 170
"d:\SocialNetworkApp\SocialNetworkApp\src\ReactWeb\src\hooks\useHomeReels.js", "JavaScript", 0, 0, 25, 0, 0, 0, 0, 0, 0, 0, 0, 0, 5, 30
"d:\SocialNetworkApp\SocialNetworkApp\src\ReactWeb\src\hooks\useReelComments.js", "JavaScript", 0, 0, 160, 0, 0, 0, 0, 0, 0, 0, 0, 3, 15, 178
"d:\SocialNetworkApp\SocialNetworkApp\src\ReactWeb\src\hooks\useSavedPosts.js", "JavaScript", 0, 0, 114, 0, 0, 0, 0, 0, 0, 0, 0, 0, 15, 129
"d:\SocialNetworkApp\SocialNetworkApp\src\ReactWeb\src\hooks\useUserPosts.js", "JavaScript", 0, 0, 2, 0, 0, 0, 0, 0, 0, 0, 0, 0, -2, 0
"d:\SocialNetworkApp\SocialNetworkApp\src\ReactWeb\src\main.jsx", "JavaScript JSX", 0, 0, 0, 0, 0, 0, 7, 0, 0, 0, 0, 0, 1, 8
"d:\SocialNetworkApp\SocialNetworkApp\src\ReactWeb\src\pages\BirthdaysPage.jsx", "JavaScript JSX", 0, 0, 0, 0, 0, 0, -58, 0, 0, 0, 0, 0, -7, -65
"d:\SocialNetworkApp\SocialNetworkApp\src\ReactWeb\src\pages\CreateStoryPage.jsx", "JavaScript JSX", 0, 0, 0, 0, 0, 0, 14, 0, 0, 0, 0, 0, 0, 14
"d:\SocialNetworkApp\SocialNetworkApp\src\ReactWeb\src\pages\FriendsPage.jsx", "JavaScript JSX", 0, 0, 0, 0, 0, 0, 0, 0, 0, 0, 0, 0, -1, -1
"d:\SocialNetworkApp\SocialNetworkApp\src\ReactWeb\src\pages\HomePage.jsx", "JavaScript JSX", 0, 0, 0, 0, 0, 0, -19, 0, 0, 0, 0, 0, -3, -22
"d:\SocialNetworkApp\SocialNetworkApp\src\ReactWeb\src\pages\MessengerPage.jsx", "JavaScript JSX", 0, 0, 0, 0, 0, 0, 9, 0, 0, 0, 0, -1, 2, 10
"d:\SocialNetworkApp\SocialNetworkApp\src\ReactWeb\src\pages\NotificationsPage.jsx", "JavaScript JSX", 0, 0, 0, 0, 0, 0, 206, 0, 0, 0, 0, 7, 22, 235
"d:\SocialNetworkApp\SocialNetworkApp\src\ReactWeb\src\pages\PostDetailPage.jsx", "JavaScript JSX", 0, 0, 0, 0, 0, 0, 470, 0, 0, 0, 0, 7, 42, 519
"d:\SocialNetworkApp\SocialNetworkApp\src\ReactWeb\src\pages\ProfilePage.jsx", "JavaScript JSX", 0, 0, 0, 0, 0, 0, -46, 0, 0, 0, 0, -1, -8, -55
"d:\SocialNetworkApp\SocialNetworkApp\src\ReactWeb\src\pages\ReelsPage.jsx", "JavaScript JSX", 0, 0, 0, 0, 0, 0, 30, 0, 0, 0, 0, 8, 3, 41
"d:\SocialNetworkApp\SocialNetworkApp\src\ReactWeb\src\pages\SavedPage.jsx", "JavaScript JSX", 0, 0, 0, 0, 0, 0, -146, 0, 0, 0, 0, 1, 4, -141
"d:\SocialNetworkApp\SocialNetworkApp\src\ReactWeb\src\pages\SearchPage.jsx", "JavaScript JSX", 0, 0, 0, 0, 0, 0, 90, 0, 0, 0, 0, 2, 14, 106
"d:\SocialNetworkApp\SocialNetworkApp\src\ReactWeb\src\pages\StoryPage.jsx", "JavaScript JSX", 0, 0, 0, 0, 0, 0, 16, 0, 0, 0, 0, 0, 2, 18
"d:\SocialNetworkApp\SocialNetworkApp\src\ReactWeb\src\utils\notificationSound.js", "JavaScript", 0, 0, 28, 0, 0, 0, 0, 0, 0, 0, 0, 0, 8, 36
"d:\SocialNetworkApp\SocialNetworkApp\src\ReactWeb\src\utils\systemMessage.js", "JavaScript", 0, 0, 52, 0, 0, 0, 0, 0, 0, 0, 0, 0, 3, 55
"d:\SocialNetworkApp\SocialNetworkApp\src\Web\FileUploadOperationFilter.cs", "C#", 0, 28, 0, 0, 0, 0, 0, 0, 0, 0, 0, 0, 5, 33
"d:\SocialNetworkApp\SocialNetworkApp\src\Web\Logs\err.log", "log", 0, 0, 0, 0, 0, 0, 0, 0, 0, 0, 0, 0, 1, 1
"d:\SocialNetworkApp\SocialNetworkApp\src\Web\Logs\out.log", "log", 0, 0, 0, 0, 0, 0, 0, 29, 0, 0, 0, 0, 1, 30
"d:\SocialNetworkApp\SocialNetworkApp\src\Web\Logs\swagger.json", "JSON", 0, 0, 0, 0, 18, 0, 0, 0, 0, 0, 0, 3, 1, 22
"d:\SocialNetworkApp\SocialNetworkApp\src\Web\Program.cs", "C#", 0, 53, 0, 0, 0, 0, 0, 0, 0, 0, 0, 7, 5, 65
"d:\SocialNetworkApp\SocialNetworkApp\src\Web\Views\Admin\AuditLogs.cshtml", "ASP.NET Razor", 0, 0, 0, 0, 0, 0, 0, 0, 440, 0, 0, 3, 13, 456
"d:\SocialNetworkApp\SocialNetworkApp\src\Web\Views\Admin\Dashboard.cshtml", "ASP.NET Razor", 0, 0, 0, 0, 0, 0, 0, 0, 120, 0, 0, 5, 14, 139
"d:\SocialNetworkApp\SocialNetworkApp\src\Web\Views\Admin\ForgotPassword.cshtml", "ASP.NET Razor", 0, 0, 0, 0, 0, 0, 0, 0, 43, 0, 0, 4, 8, 55
"d:\SocialNetworkApp\SocialNetworkApp\src\Web\Views\Admin\Groups.cshtml", "ASP.NET Razor", 0, 0, 0, 0, 0, 0, 0, 0, 231, 0, 0, 4, 12, 247
"d:\SocialNetworkApp\SocialNetworkApp\src\Web\Views\Admin\Login.cshtml", "ASP.NET Razor", 0, 0, 0, 0, 0, 0, 0, 0, 62, 0, 0, 3, 7, 72
"d:\SocialNetworkApp\SocialNetworkApp\src\Web\Views\Admin\Moderation.cshtml", "ASP.NET Razor", 0, 0, 0, 0, 0, 0, 0, 0, 429, 0, 0, 3, 13, 445
"d:\SocialNetworkApp\SocialNetworkApp\src\Web\Views\Admin\Shared\_AdminLayout.cshtml", "ASP.NET Razor", 0, 0, 0, 0, 0, 0, 0, 0, 113, 0, 0, 4, 14, 131
"d:\SocialNetworkApp\SocialNetworkApp\src\Web\Views\Admin\Shared\_LineChart.cshtml", "ASP.NET Razor", 0, 0, 0, 0, 0, 0, 0, 0, 137, 0, 0, 17, 16, 170
"d:\SocialNetworkApp\SocialNetworkApp\src\Web\Views\Admin\Shared\_LoginLayout.cshtml", "ASP.NET Razor", 0, 0, 0, 0, 0, 0, 0, 0, 48, 0, 0, 3, 4, 55
"d:\SocialNetworkApp\SocialNetworkApp\src\Web\Views\Admin\Shared\_StackedBarChart.cshtml", "ASP.NET Razor", 0, 0, 0, 0, 0, 0, 0, 0, 152, 0, 0, 18, 23, 193
"d:\SocialNetworkApp\SocialNetworkApp\src\Web\Views\Admin\Users.cshtml", "ASP.NET Razor", 0, 0, 0, 0, 0, 0, 0, 0, 381, 0, 0, 3, 13, 397
"d:\SocialNetworkApp\SocialNetworkApp\src\Web\bin\Debug\net10.0\Api.deps.json", "JSON", 0, 0, 0, 0, -298, 0, 0, 0, 0, 0, 0, 0, 0, -298
"d:\SocialNetworkApp\SocialNetworkApp\src\Web\bin\Debug\net10.0\Api.runtimeconfig.json", "JSON", 0, 0, 0, 0, -20, 0, 0, 0, 0, 0, 0, 0, 0, -20
"d:\SocialNetworkApp\SocialNetworkApp\src\Web\bin\Debug\net10.0\Api.staticwebassets.endpoints.json", "JSON", 0, 0, 0, 0, -1, 0, 0, 0, 0, 0, 0, 0, 0, -1
"d:\SocialNetworkApp\SocialNetworkApp\src\Web\bin\Debug\net10.0\Logs\swagger.json", "JSON", 0, 0, 0, 0, 18, 0, 0, 0, 0, 0, 0, 3, 1, 22
"d:\SocialNetworkApp\SocialNetworkApp\src\Web\bin\Debug\net10.0\Web.staticwebassets.runtime.json", "JSON", 0, 0, 0, 0, 1, 0, 0, 0, 0, 0, 0, 0, 0, 1
"d:\SocialNetworkApp\SocialNetworkApp\src\Web\obj\Api.csproj.nuget.dgspec.json", "JSON", 0, 0, 0, 0, -1897, 0, 0, 0, 0, 0, 0, 0, 0, -1897
"d:\SocialNetworkApp\SocialNetworkApp\src\Web\obj\Api.csproj.nuget.g.props", "XML", -19, 0, 0, 0, 0, 0, 0, 0, 0, 0, 0, 0, 0, -19
"d:\SocialNetworkApp\SocialNetworkApp\src\Web\obj\Api.csproj.nuget.g.targets", "XML", -6, 0, 0, 0, 0, 0, 0, 0, 0, 0, 0, 0, 0, -6
"d:\SocialNetworkApp\SocialNetworkApp\src\Web\obj\Debug\net10.0\Api.AssemblyInfo.cs", "C#", 0, -9, 0, 0, 0, 0, 0, 0, 0, 0, 0, -10, -5, -24
"d:\SocialNetworkApp\SocialNetworkApp\src\Web\obj\Debug\net10.0\Api.GeneratedMSBuildEditorConfig.editorconfig", "Properties", 0, 0, 0, 0, 0, -23, 0, 0, 0, 0, 0, 0, -1, -24
"d:\SocialNetworkApp\SocialNetworkApp\src\Web\obj\Debug\net10.0\Api.GlobalUsings.g.cs", "C#", 0, -16, 0, 0, 0, 0, 0, 0, 0, 0, 0, -1, -1, -18
"d:\SocialNetworkApp\SocialNetworkApp\src\Web\obj\Debug\net10.0\Api.MvcApplicationPartsAssemblyInfo.cs", "C#", 0, -4, 0, 0, 0, 0, 0, 0, 0, 0, 0, -10, -5, -19
"d:\SocialNetworkApp\SocialNetworkApp\src\Web\obj\Debug\net10.0\Api.sourcelink.json", "JSON", 0, 0, 0, 0, -1, 0, 0, 0, 0, 0, 0, 0, 0, -1
"d:\SocialNetworkApp\SocialNetworkApp\src\Web\obj\Debug\net10.0\ApiEndpoints.json", "JSON", 0, 0, 0, 0, 988, 0, 0, 0, 0, 0, 0, 0, 0, 988
"d:\SocialNetworkApp\SocialNetworkApp\src\Web\obj\Debug\net10.0\EndpointInfo\Api.json", "JSON", 0, 0, 0, 0, -96, 0, 0, 0, 0, 0, 0, 0, 0, -96
"d:\SocialNetworkApp\SocialNetworkApp\src\Web\obj\Debug\net10.0\EndpointInfo\Web.json", "JSON", 0, 0, 0, 0, -3546, 0, 0, 0, 0, 0, 0, 0, 0, -3546
"d:\SocialNetworkApp\SocialNetworkApp\src\Web\obj\Debug\net10.0\Web.GeneratedMSBuildEditorConfig.editorconfig", "Properties", 0, 0, 0, 0, 0, 33, 0, 0, 0, 0, 0, 0, 11, 44
"d:\SocialNetworkApp\SocialNetworkApp\src\Web\obj\Debug\net10.0\Web.MvcApplicationPartsAssemblyInfo.cs", "C#", 0, 0, 0, 0, 0, 0, 0, 0, 0, 0, 0, -1, 0, -1
"d:\SocialNetworkApp\SocialNetworkApp\src\Web\obj\Debug\net10.0\Web.RazorAssemblyInfo.cs", "C#", 0, 4, 0, 0, 0, 0, 0, 0, 0, 0, 0, 10, 5, 19
"d:\SocialNetworkApp\SocialNetworkApp\src\Web\obj\Debug\net10.0\rbcswa.dswa.cache.json", "JSON", 0, 0, 0, 0, 1, 0, 0, 0, 0, 0, 0, 0, 0, 1
"d:\SocialNetworkApp\SocialNetworkApp\src\Web\obj\Debug\net10.0\rjimswa.dswa.cache.json", "JSON", 0, 0, 0, 0, 1, 0, 0, 0, 0, 0, 0, 0, 0, 1
"d:\SocialNetworkApp\SocialNetworkApp\src\Web\obj\Debug\net10.0\staticwebassets.development.json", "JSON", 0, 0, 0, 0, 1, 0, 0, 0, 0, 0, 0, 0, 0, 1
"d:\SocialNetworkApp\SocialNetworkApp\src\Web\obj\Web.csproj.nuget.dgspec.json", "JSON", 0, 0, 0, 0, 133, 0, 0, 0, 0, 0, 0, 0, 0, 133
"d:\SocialNetworkApp\SocialNetworkApp\src\Web\obj\project.assets.json", "JSON", 0, 0, 0, 0, 13, 0, 0, 0, 0, 0, 0, 0, 0, 13
"d:\SocialNetworkApp\SocialNetworkApp\src\Web\wwwroot\admin\css\admin.min.css", "PostCSS", 0, 0, 0, 884, 0, 0, 0, 0, 0, 0, 0, 41, 66, 991
"d:\SocialNetworkApp\SocialNetworkApp\src\Web\wwwroot\admin\js\admin.min.js", "JavaScript", 0, 0, 103, 0, 0, 0, 0, 0, 0, 0, 0, 11, 19, 133
"Total", "-", -19, -14131, 1159, 884, -5271, 69, 7689, 29, 2156, 1, 148, 784, -5043, -11545